frame,time_s,track_id,height_px,dh_dt,ttc,r_squared,history_length,alert,score,iou
1,0.0,0,0.0,0.0,0.0,0.0,0,0,0.0,0.0
2,0.04,0,0.0,0.0,0.0,0.0,0,0,0.0,0.0
3,0.08,0,0.0,0.0,0.0,0.0,0,0,0.0,0.0
4,0.12,0,0.0,0.0,0.0,0.0,0,0,0.0,0.0
5,0.16,0,0.0,0.0,0.0,0.0,0,0,0.0,0.0
6,0.2,0,0.0,0.0,0.0,0.0,0,0,0.0,0.0
7,0.24,0,0.0,0.0,0.0,0.0,0,0,0.0,0.0
8,0.28,0,0.0,0.0,0.0,0.0,0,0,0.0,0.0
9,0.32,0,0.0,0.0,0.0,0.0,0,0,0.0,0.0
10,0.36,0,0.0,0.0,0.0,0.0,0,0,0.0,0.0
11,0.4,0,0.0,0.0,0.0,0.0,0,0,0.0,0.0
12,0.44,0,0.0,0.0,0.0,0.0,0,0,0.0,0.0
13,0.48,0,0.0,0.0,0.0,0.0,0,0,0.0,0.0
14,0.52,0,0.0,0.0,0.0,0.0,0,0,0.0,0.0
15,0.56,0,0.0,0.0,0.0,0.0,0,0,0.0,0.0
16,0.6,0,0.0,0.0,0.0,0.0,0,0,0.0,0.0
17,0.64,0,0.0,0.0,0.0,0.0,0,0,0.0,0.0
18,0.68,0,0.0,0.0,0.0,0.0,0,0,0.0,0.0
19,0.72,0,0.0,0.0,0.0,0.0,0,0,0.0,0.0
20,0.76,0,0.0,0.0,0.0,0.0,0,0,0.0,0.0
21,0.8,0,0.0,0.0,0.0,0.0,0,0,0.0,0.0
22,0.84,0,0.0,0.0,0.0,0.0,0,0,0.0,0.0
23,0.88,0,0.0,0.0,0.0,0.0,0,0,0.0,0.0
24,0.92,0,0.0,0.0,0.0,0.0,0,0,0.0,0.0
25,0.96,0,0.0,0.0,0.0,0.0,0,0,0.0,0.0
26,1.0,0,0.0,0.0,0.0,0.0,0,0,0.0,0.0
27,1.04,0,0.0,0.0,0.0,0.0,0,0,0.0,0.0
28,1.08,0,0.0,0.0,0.0,0.0,0,0,0.0,0.0
29,1.12,0,0.0,0.0,0.0,0.0,0,0,0.0,0.0
30,1.16,0,0.0,0.0,0.0,0.0,0,0,0.0,0.0
31,1.2,0,0.0,0.0,0.0,0.0,0,0,0.0,0.0
32,1.24,0,0.0,0.0,0.0,0.0,0,0,0.0,0.0
33,1.28,0,0.0,0.0,0.0,0.0,0,0,0.0,0.0
34,1.32,0,0.0,0.0,0.0,0.0,0,0,0.0,0.0
35,1.36,0,0.0,0.0,0.0,0.0,0,0,0.0,0.0
36,1.4,0,0.0,0.0,0.0,0.0,0,0,0.0,0.0
37,1.44,0,0.0,0.0,0.0,0.0,0,0,0.0,0.0
38,1.48,0,0.0,0.0,0.0,0.0,0,0,0.0,0.0
39,1.52,0,0.0,0.0,0.0,0.0,0,0,0.0,0.0
40,1.56,0,0.0,0.0,0.0,0.0,0,0,0.0,0.0
41,1.6,0,0.0,0.0,0.0,0.0,0,0,0.0,0.0
42,1.64,0,0.0,0.0,0.0,0.0,0,0,0.0,0.0
43,1.68,0,0.0,0.0,0.0,0.0,0,0,0.0,0.0
44,1.72,0,0.0,0.0,0.0,0.0,0,0,0.0,0.0
45,1.76,0,0.0,0.0,0.0,0.0,0,0,0.0,0.0
46,1.8,0,0.0,0.0,0.0,0.0,0,0,0.0,0.0
47,1.84,0,0.0,0.0,0.0,0.0,0,0,0.0,0.0
48,1.88,0,0.0,0.0,0.0,0.0,0,0,0.0,0.0
49,1.92,0,0.0,0.0,0.0,0.0,0,0,0.0,0.0
50,1.96,0,0.0,0.0,0.0,0.0,0,0,0.0,0.0
51,2.0,0,0.0,0.0,0.0,0.0,0,0,0.0,0.0
52,2.04,0,0.0,0.0,0.0,0.0,0,0,0.0,0.0
53,2.08,0,0.0,0.0,0.0,0.0,0,0,0.0,0.0
54,2.12,0,0.0,0.0,0.0,0.0,0,0,0.0,0.0
55,2.16,0,0.0,0.0,0.0,0.0,0,0,0.0,0.0
56,2.2,0,0.0,0.0,0.0,0.0,0,0,0.0,0.0
57,2.24,0,0.0,0.0,0.0,0.0,0,0,0.0,0.0
58,2.28,0,0.0,0.0,0.0,0.0,0,0,0.0,0.0
59,2.32,0,0.0,0.0,0.0,0.0,0,0,0.0,0.0
60,2.36,0,0.0,0.0,0.0,0.0,0,0,0.0,0.0
61,2.4,0,0.0,0.0,0.0,0.0,0,0,0.0,0.0
62,2.44,0,0.0,0.0,0.0,0.0,0,0,0.0,0.0
63,2.48,0,0.0,0.0,0.0,0.0,0,0,0.0,0.0
64,2.52,0,0.0,0.0,0.0,0.0,0,0,0.0,0.0
65,2.56,0,0.0,0.0,0.0,0.0,0,0,0.0,0.0
66,2.6,0,0.0,0.0,0.0,0.0,0,0,0.0,0.0
67,2.64,0,0.0,0.0,0.0,0.0,0,0,0.0,0.0
68,2.68,0,0.0,0.0,0.0,0.0,0,0,0.0,0.0
69,2.72,0,0.0,0.0,0.0,0.0,0,0,0.0,0.0
70,2.76,0,0.0,0.0,0.0,0.0,0,0,0.0,0.0
71,2.8,0,0.0,0.0,0.0,0.0,0,0,0.0,0.0
72,2.84,0,0.0,0.0,0.0,0.0,0,0,0.0,0.0
73,2.88,0,0.0,0.0,0.0,0.0,0,0,0.0,0.0
74,2.92,0,0.0,0.0,0.0,0.0,0,0,0.0,0.0
75,2.96,0,0.0,0.0,0.0,0.0,0,0,0.0,0.0
76,3.0,0,0.0,0.0,0.0,0.0,0,0,0.0,0.0
77,3.04,0,0.0,0.0,0.0,0.0,0,0,0.0,0.0
78,3.08,0,0.0,0.0,0.0,0.0,0,0,0.0,0.0
79,3.12,0,0.0,0.0,0.0,0.0,0,0,0.0,0.0
80,3.16,0,0.0,0.0,0.0,0.0,0,0,0.0,0.0
81,3.2,0,0.0,0.0,0.0,0.0,0,0,0.0,0.0
82,3.24,0,0.0,0.0,0.0,0.0,0,0,0.0,0.0
83,3.28,0,0.0,0.0,0.0,0.0,0,0,0.0,0.0
84,3.32,0,0.0,0.0,0.0,0.0,0,0,0.0,0.0
85,3.36,0,0.0,0.0,0.0,0.0,0,0,0.0,0.0
86,3.4,0,0.0,0.0,0.0,0.0,0,0,0.0,0.0
87,3.44,0,0.0,0.0,0.0,0.0,0,0,0.0,0.0
88,3.48,0,0.0,0.0,0.0,0.0,0,0,0.0,0.0
89,3.52,0,0.0,0.0,0.0,0.0,0,0,0.0,0.0
90,3.56,1,70.96189880371094,,0.0,,1,False,0.4123615324497223,0.0
91,3.6,0,0.0,0.0,0.0,0.0,0,0,0.0,0.0
92,3.64,1,71.23234558105469,,0.0,,2,False,0.4168109595775604,0.914209246635437
93,3.68,0,0.0,0.0,0.0,0.0,0,0,0.0,0.0
94,3.72,1,71.74278259277344,,0.0,,3,False,0.42067527770996094,0.9726662039756775
95,3.76,0,0.0,0.0,0.0,0.0,0,0,0.0,0.0
96,3.8,0,0.0,0.0,0.0,0.0,0,0,0.0,0.0
97,3.84,1,77.74861145019531,,0.0,,4,False,0.42542463541030884,0.8495244979858398
98,3.88,1,76.86215209960938,22.69676242555895,3.38648088473863,0.8429078992909095,5,False,0.4221707284450531,0.9784079790115356
99,3.92,1,76.33987426757812,23.586463928222766,3.2365968251914357,0.8093757751357429,5,False,0.429892897605896,0.954522430896759
100,3.96,1,77.36477661132812,21.66623169521111,0.0,0.6661666780027165,5,False,0.42681246995925903,0.9647547006607056
101,4.0,1,79.00148010253906,7.520904541015585,0.0,0.221788552887615,5,False,0.42922428250312805,0.97421795129776
102,4.04,1,78.72863006591797,15.986404418945202,0.0,0.7561116238196155,5,False,0.4370567500591278,0.9349032044410706
103,4.08,1,77.4038314819336,8.729419708251912,0.0,0.25512359690342845,5,False,0.4485667049884796,0.9443041086196899
104,4.12,1,77.6384048461914,-2.6259803771974064,0.0,0.04559602608971047,5,False,0.4769873023033142,0.8954727649688721
105,4.16,1,76.93965911865234,-13.034667968749995,0.0,0.8691316570861779,5,False,0.464851975440979,0.9609527587890625
106,4.2,1,77.99649047851562,-4.821128845214981,0.0,0.20580167228514656,5,False,0.5038847327232361,0.9657068848609924
107,4.24,1,77.7149658203125,2.4508857727050035,0.0,0.15313263385596065,5,False,0.5051068663597107,0.9676463007926941
108,4.28,1,76.96411895751953,-1.4331626892091947,0.0,0.036479065244546804,5,False,0.4923821687698364,0.9299152493476868
109,4.32,1,77.36426544189453,-0.45789718627940734,0.0,0.003909456383503596,5,False,0.5044063329696655,0.9642577171325684
110,4.36,1,78.75111389160156,2.8963661193847345,0.0,0.07333472689577081,5,False,0.5220661163330078,0.9665747880935669
111,4.4,1,77.51575469970703,3.4714317321776553,0.0,0.10795546062017891,5,False,0.49945592880249023,0.9086419939994812
112,4.44,1,77.60467529296875,3.581504821777309,0.0,0.11503526793964813,5,False,0.4967961013317108,0.983306348323822
113,4.48,1,79.63336944580078,8.479423522949105,0.0,0.29681051700622374,5,False,0.5397918224334717,0.9546012282371521
114,4.52,1,81.002197265625,16.54945373535144,0.0,0.5111439552610791,5,False,0.5261186361312866,0.937680721282959
115,4.56,1,81.28311920166016,27.330627441406097,2.9740670746005504,0.9235378317840569,5,False,0.5678854584693909,0.9488456845283508
116,4.6,1,82.66181945800781,29.41009521484384,2.8106614022890617,0.9444612474831628,5,False,0.5644171237945557,0.9224480390548706
117,4.64,1,81.11446380615234,11.554527282714888,0.0,0.46176357767489984,5,False,0.5554574131965637,0.8896749019622803
118,4.68,1,83.46485137939453,11.891632080078077,0.0,0.46818531277839504,5,False,0.5434487462043762,0.8916482329368591
119,4.72,1,83.35928344726562,12.388401031494176,0.0,0.4891557115125119,5,False,0.5782558917999268,0.9478521347045898
120,4.76,1,85.70580291748047,20.83196640014641,0.0,0.631522455913716,5,False,0.5646453499794006,0.921118438243866
121,4.8,1,85.73670196533203,28.713569641113217,2.9859297550580703,0.8869722646393428,5,False,0.5815986394882202,0.9561929106712341
122,4.84,1,87.03926849365234,23.815631866454957,3.654711702873179,0.8871421292390684,5,False,0.5794560313224792,0.9132066369056702
123,4.88,1,85.61035919189453,14.58904266357415,0.0,0.4822135684538068,5,False,0.5775558352470398,0.9341845512390137
124,4.92,1,86.700927734375,4.659767150878766,0.0,0.1981505477346277,5,False,0.5473957657814026,0.9259462952613831
125,4.96,1,84.62158966064453,-6.421413421630825,0.0,0.17949597268096507,5,False,0.5794300436973572,0.9000036120414734
126,5.0,1,87.28140258789062,-1.2612533569336457,0.0,0.005140884787255828,5,False,0.5628540515899658,0.9038950800895691
127,5.04,1,84.92354583740234,-1.9828796386719176,0.0,0.012109032296942712,5,False,0.5880846977233887,0.9116510152816772
128,5.08,1,87.25050354003906,3.5027694702148313,0.0,0.029588097566761062,5,False,0.5771958231925964,0.9080044627189636
129,5.12,1,86.33168029785156,8.473205566406168,0.0,0.18115461363580376,5,False,0.5775838494300842,0.9323119521141052
130,5.16,1,87.09738159179688,2.6002311706542782,0.0,0.02694592106042215,5,False,0.609181821346283,0.8938041925430298
131,5.2,1,87.45718383789062,12.285385131835852,0.0,0.5632958059797802,5,False,0.5603843331336975,0.9230025410652161
132,5.24,1,89.72259521484375,15.174217224120879,0.0,0.5663280204922032,5,False,0.5810636878013611,0.929844081401825
133,5.28,1,89.11543273925781,20.481796264648192,4.35095787438683,0.8297787962733549,5,False,0.5808026194572449,0.9471536874771118
134,5.32,1,88.5631103515625,11.474266052246072,0.0,0.4322854097841735,5,False,0.629490077495575,0.9412137866020203
135,5.36,1,89.14092254638672,5.519981384277154,0.0,0.16660736907948148,5,False,0.6143272519111633,0.963082492351532
136,5.4,1,89.85125732421875,0.7070350646972976,0.0,0.007388308340312455,5,False,0.5622707009315491,0.9528623819351196
137,5.44,1,89.640625,5.846328735351574,0.0,0.5387013012659452,5,False,0.6123998761177063,0.908648669719696
138,5.48,1,90.46253967285156,10.746402740478597,8.417936853613842,0.892071462245431,5,False,0.6148613691329956,0.9266179800033569
139,5.52,1,90.08909606933594,6.269073486327866,0.0,0.6428721071675383,5,False,0.6293521523475647,0.9113949537277222
140,5.56,1,91.20909881591797,7.910385131835888,0.0,0.6581275776797021,5,False,0.6198922395706177,0.9045407772064209
141,5.6,1,91.51568603515625,11.24170303344709,8.1407315033027,0.8395588684007724,5,False,0.6365568041801453,0.9319726824760437
142,5.64,1,90.54596710205078,3.9836120605468537,0.0,0.18710111953515896,5,False,0.632378876209259,0.9735498428344727
143,5.68,1,91.92793273925781,7.53635406494128,0.0,0.414944635526186,5,False,0.6305897831916809,0.9617710709571838
144,5.72,1,90.61471557617188,-1.9412994384766882,0.0,0.043287280850110466,5,False,0.6289894580841064,0.9239988923072815
145,5.76,1,90.14161682128906,-6.698474884033271,0.0,0.32551160933591927,5,False,0.6253563165664673,0.9298955798149109
146,5.8,1,91.7413330078125,1.5110397338866919,0.0,0.014601740593654489,5,False,0.6464592814445496,0.9559357166290283
147,5.84,1,90.5556640625,-4.044799804687658,0.0,0.10498948827290944,5,False,0.6521236300468445,0.9833123683929443
148,5.88,1,90.65505981445312,1.236839294433619,0.0,0.017265959243855766,5,False,0.6866083741188049,0.9646744132041931
149,5.92,1,89.95657348632812,-3.6408996582031565,0.0,0.10982463559954092,5,False,0.6824110150337219,0.9264530539512634
150,5.96,1,92.83489990234375,3.970108032226561,0.0,0.04839513837166831,5,False,0.6736525893211365,0.9237321019172668
151,6.0,1,94.84977722167969,26.92016601562498,0.0,0.6974403349113829,5,False,0.6624389886856079,0.96241694688797
152,6.04,1,95.5335922241211,36.62567138671881,2.6083779110944425,0.8812439183719036,5,False,0.6671907305717468,0.9805182218551636
153,6.08,2,82.65812683105469,,0.0,,1,False,0.7064621448516846,0.0
153,6.08,1,95.7109146118164,35.51843643188471,2.694682655734734,0.8604093677760838,5,False,0.687946617603302,0.9509484171867371
154,6.12,2,81.26483917236328,,0.0,,2,False,0.7099297642707825,0.8842822313308716
154,6.12,1,93.90864562988281,7.521572113037136,0.0,0.15724830858220518,5,False,0.6733495593070984,0.9694681763648987
155,6.16,2,80.86444091796875,,0.0,,3,False,0.6849802136421204,0.8963090777397156
155,6.16,1,94.27590942382812,-6.9317054748536755,0.0,0.31714762966767973,5,False,0.6686131954193115,0.9554736614227295
156,6.2,1,93.77938079833984,-12.358570098877072,0.0,0.728724932012619,5,False,0.6926513314247131,0.979091227054596
156,6.2,2,80.75363159179688,,0.0,,4,False,0.6556997299194336,0.9471212029457092
157,6.24,1,93.5945053100586,-10.905208587646396,0.0,0.6555544434085296,5,False,0.7048332095146179,0.9583295583724976
157,6.24,2,80.48918914794922,-12.122707366943514,0.0,0.7978145678148425,5,False,0.6513158679008484,0.9016904830932617
158,6.28,1,92.23039245605469,-10.094776153564563,0.0,0.6651648957769136,5,False,0.6775652170181274,0.9633867740631104
158,6.28,2,77.49884796142578,-19.768085479736555,0.0,0.6753261161793928,5,False,0.6731059551239014,0.871282696723938
159,6.32,1,94.21866607666016,-4.1586875915527965,0.0,0.10078195119156674,5,False,0.6802932620048523,0.9388620853424072
159,6.32,2,78.77274322509766,-18.595447540283303,0.0,0.6293667235282792,5,False,0.6661563515663147,0.8463212847709656
160,6.36,1,94.74420166015625,6.3845062255858664,0.0,0.18446150861719146,5,False,0.6654247641563416,0.9700039625167847
160,6.36,2,74.61467742919922,-34.98588562011744,0.0,0.777748118082215,5,False,0.6595911383628845,0.8575364947319031
161,6.4,1,96.39773559570312,20.300674438476477,0.0,0.7040498342361742,5,False,0.675297200679779,0.9666703343391418
161,6.4,2,73.70658874511719,-41.123428344726655,0.0,0.8429108010258629,5,False,0.6029233932495117,0.9241254925727844
162,6.44,1,96.91280364990234,28.859729766845767,3.3580634480242555,0.9580343642025758,5,False,0.6600021719932556,0.968482255935669
162,6.44,2,73.62118530273438,-32.05369949340837,0.0,0.7426938589004504,5,False,0.61288982629776,0.9283088445663452
163,6.48,1,96.22315216064453,15.443935394287045,0.0,0.7147439081641398,5,False,0.6508833169937134,0.9385313391685486
163,6.48,2,69.19163513183594,-50.38927078247075,0.0,0.8735650166847908,5,False,0.600243866443634,0.840110182762146
164,6.52,1,96.25148010253906,7.099933624267466,0.0,0.30720540901292737,5,False,0.6558537483215332,0.937501847743988
164,6.52,2,68.50302124023438,-41.845664978027294,0.0,0.8629453841400647,5,False,0.5912868976593018,0.8822824358940125
165,6.56,1,97.16007995605469,2.158412933349457,0.0,0.10420393737034073,5,False,0.6324989795684814,0.9318418502807617
165,6.56,2,68.49134826660156,-38.87161254882817,0.0,0.8180601264531189,5,False,0.606507420539856,0.8238221406936646
166,6.6,1,96.3304443359375,-0.5694770812990028,0.0,0.006967749442936544,5,False,0.635321319103241,0.9031677842140198
166,6.6,2,67.50807189941406,-32.31628417968763,0.0,0.7248741457518728,5,False,0.5996963381767273,0.7925500869750977
167,6.64,1,96.14994049072266,-0.16864776611337487,0.0,0.0006540538543674534,5,False,0.6420095562934875,0.8869003057479858
167,6.64,2,65.10884094238281,-22.901344299316538,0.0,0.8203969237906893,5,False,0.5551083087921143,0.8647818565368652
168,6.68,1,94.85981750488281,-9.48366165161134,0.0,0.5275663067152676,5,False,0.6603432297706604,0.8940876126289368
168,6.68,2,64.46348571777344,-28.653945922851538,0.0,0.9009823018377511,5,False,0.5701923966407776,0.8757556676864624
169,6.72,1,98.48710632324219,2.958564758300576,0.0,0.019510209441625292,5,False,0.6438948512077332,0.8750532269477844
169,6.72,2,65.19287109375,-24.103851318359364,0.0,0.7637979641530914,5,False,0.5699582099914551,0.8431149125099182
170,6.76,1,97.25578308105469,10.469608306884773,0.0,0.240468048701316,5,False,0.6340190768241882,0.9315458536148071
170,6.76,2,64.60630798339844,-14.298744201660096,0.0,0.5384135301505755,5,False,0.5564789772033691,0.8543633818626404
171,6.8,1,99.80709838867188,24.275703430175664,0.0,0.6297250396111855,5,False,0.5979145765304565,0.9439101219177246
171,6.8,2,63.47187805175781,-7.827758789062605,0.0,0.5168483134563948,5,False,0.5001641511917114,0.8771837949752808
172,6.84,1,102.20803833007812,40.04108428955064,2.552579185692805,0.847895662222682,5,False,0.5802780389785767,0.9543043971061707
172,6.84,2,62.167083740234375,-15.784492492675838,0.0,0.706567404921802,5,False,0.48571866750717163,0.8586965799331665
173,6.88,1,102.31292724609375,31.509742736816275,0.0,0.7910933663581029,5,False,0.5812159776687622,0.9737268686294556
173,6.88,2,63.51316452026367,-14.496593475341813,0.0,0.6173992616144078,5,False,0.5188363194465637,0.9107311367988586
174,6.92,1,101.90497589111328,29.510536193847614,0.0,0.7338461847274909,5,False,0.5859425067901611,0.9715378880500793
174,6.92,2,60.39064407348633,-20.975103378295877,0.0,0.675301478213271,5,False,0.4819876253604889,0.8596448302268982
175,6.96,1,102.04582214355469,10.435962677001859,0.0,0.3988724985588883,5,False,0.5590093731880188,0.9337580800056458
175,6.96,2,60.34446716308594,-20.078153610229567,0.0,0.6573513213856494,5,False,0.4813457131385803,0.898574948310852
176,7.0,1,100.64635467529297,-8.47618103027365,0.0,0.6284521781634803,5,False,0.6295134425163269,0.8749721646308899
176,7.0,2,59.7578125,-19.968099594116115,0.0,0.6545272932604914,5,False,0.4553096294403076,0.7737197875976562
177,7.04,1,99.13616180419922,-19.030380249023505,0.0,0.8258327675981427,5,False,0.6250858306884766,0.9015330076217651
177,7.04,2,60.146629333496094,-18.41475486755385,0.0,0.5868914005637831,5,False,0.4495996832847595,0.9356217384338379
178,7.08,1,99.98760223388672,-16.861019134521523,0.0,0.7325486581237284,5,False,0.6285526156425476,0.889133095741272
178,7.08,2,60.421199798583984,-0.3418159484863161,0.0,0.006153721876098084,5,False,0.46544891595840454,0.7534162402153015
179,7.12,1,100.499755859375,-9.377212524414261,0.0,0.31079666239987924,5,False,0.6548448801040649,0.9364928603172302
179,7.12,2,58.91392517089844,-5.494241714477612,0.0,0.3175092454248015,5,False,0.47817856073379517,0.9151459336280823
180,7.16,1,102.4911117553711,12.63277053832995,0.0,0.4189368282479178,5,False,0.6204525828361511,0.8532406091690063
180,7.16,2,57.790489196777344,-12.918376922607466,0.0,0.5862090689407569,5,False,0.46960151195526123,0.7000745534896851
181,7.2,1,101.21661376953125,16.661033630371232,0.0,0.687266344928052,5,False,0.6427227258682251,0.9363818168640137
181,7.2,2,56.5770149230957,-24.424848556518633,0.0,0.9168433015598009,5,False,0.4171001613140106,0.9573796391487122
182,7.24,1,100.33409881591797,3.5246276855469594,0.0,0.050389648743871196,5,False,0.6495885848999023,0.9674915075302124
182,7.24,2,56.888153076171875,-23.50750923156741,0.0,0.8901602041693727,5,False,0.451780766248703,0.8428081274032593
183,7.28,1,100.41555786132812,-5.8135223388675055,0.0,0.16360616818350338,5,False,0.6242960095405579,0.9874071478843689
183,7.28,2,55.62420654296875,-18.704433441162337,0.0,0.8961763301079941,5,False,0.40699565410614014,0.9271997809410095
184,7.32,1,100.84625244140625,-10.226936340332045,0.0,0.5467818875222183,5,False,0.6326467990875244,0.9603456854820251
184,7.32,2,56.34123992919922,-9.628267288207898,0.0,0.5908970997864246,5,False,0.40212056040763855,0.8559025526046753
185,7.36,1,101.81098937988281,4.252262115478279,0.0,0.19483156429078652,5,False,0.6202001571655273,0.960975706577301
186,7.4,1,98.0960693359375,-7.7015686035158355,0.0,0.12732961653088104,5,False,0.621669352054596,0.926266074180603
187,7.44,1,98.40437316894531,-16.931381225585834,0.0,0.44518267346758955,5,False,0.6171770691871643,0.9494853615760803
188,7.48,1,98.83979034423828,-18.54885101318373,0.0,0.5139600443265553,5,False,0.6429420113563538,0.9357080459594727
189,7.52,1,102.64938354492188,6.051273345947282,0.0,0.032900137083160086,5,False,0.6069287657737732,0.9057515263557434
190,7.56,1,101.82429504394531,29.25365447998012,0.0,0.7667635281411371,5,False,0.6388346552848816,0.9554213285446167
191,7.6,1,100.73707580566406,19.12477493286118,0.0,0.43102010413781755,5,False,0.622312068939209,0.9668146967887878
192,7.64,1,100.34036254882812,2.7220916748043926,0.0,0.013953595455902468,5,False,0.6360328793525696,0.9480645060539246
193,7.68,1,101.16090393066406,-11.152229309081912,0.0,0.5951062187273264,5,False,0.6311740875244141,0.9278804659843445
194,7.72,1,100.40568542480469,-6.033477783203253,0.0,0.38667904771800554,5,False,0.6291925311088562,0.9396403431892395
195,7.76,1,101.60362243652344,4.496040344238082,0.0,0.2850848449242285,5,False,0.6319751739501953,0.9828099012374878
196,7.8,1,100.20947265625,0.4523468017576307,0.0,0.0022182891213958777,5,False,0.6426999568939209,0.944774329662323
197,7.84,1,100.67982482910156,-2.895927429199533,0.0,0.10369569356575903,5,False,0.614748477935791,0.9034270644187927
198,7.88,1,102.30426025390625,7.183380126953135,0.0,0.26311247032473717,5,False,0.6026989817619324,0.9107396006584167
199,7.92,1,97.27723693847656,-16.39495849609384,0.0,0.28786464917864263,5,False,0.6084259152412415,0.8819342255592346
200,7.96,1,97.88037109375,-20.151977539062553,0.0,0.37824910625943453,5,False,0.5755882859230042,0.9305476546287537
201,8.0,1,100.162353515625,-13.647079467773658,0.0,0.17396569689647057,5,False,0.5834478139877319,0.8742783069610596
202,8.04,1,102.01904296875,5.7867050170897665,0.0,0.025161657837887264,5,False,0.5939410924911499,0.948440432548523
203,8.08,1,100.23265075683594,25.123748779296793,0.0,0.6785341885221904,5,False,0.5757219195365906,0.9426224231719971
204,8.12,1,97.09046936035156,-3.77376556396472,0.0,0.014469699599738428,5,False,0.6030884981155396,0.87920081615448
205,8.16,1,98.26351928710938,-21.81560516357436,0.0,0.5200813682706986,5,False,0.6172700524330139,0.9560428857803345
206,8.2,1,97.56709289550781,-27.182579040527393,0.0,0.7007867977192308,5,False,0.6322083473205566,0.9449930787086487
207,8.24,1,99.92451477050781,-0.34912109375006545,0.0,0.0002475630470817336,5,False,0.6303539276123047,0.9185956716537476
208,8.28,1,102.24880981445312,29.944190979003768,3.414645928692741,0.8128477298764691,5,False,0.6214986443519592,0.9544934034347534
209,8.32,1,100.10150146484375,20.894203186035043,0.0,0.5256022699420257,5,False,0.6373714208602905,0.9390519857406616
210,8.36,1,97.51121520996094,0.16307830810526822,0.0,2.6956675438949418e-05,5,False,0.6356289982795715,0.9610297679901123
211,8.4,1,97.91453552246094,-21.893882751464986,0.0,0.5267897758688234,5,False,0.6305164694786072,0.9830148220062256
212,8.44,1,98.72760772705078,-23.0734252929688,0.0,0.5761417493853134,5,False,0.6469782590866089,0.9755382537841797
213,8.48,1,99.43365478515625,-0.29825210571295907,0.0,0.00031444607228481303,5,False,0.6499142050743103,0.9870997071266174
214,8.52,1,98.20893096923828,7.286376953124934,0.0,0.3809987399746182,5,False,0.6477991342544556,0.9778046607971191
215,8.56,1,98.85455322265625,3.403396606445216,0.0,0.1328549516208838,5,False,0.6440160870552063,0.9888331890106201
216,8.6,1,99.2201919555664,1.0151672363281696,0.0,0.0184016053735091,5,False,0.646561324596405,0.9781243801116943
217,8.64,1,101.55143737792969,13.117065429687251,0.0,0.4325864979357038,5,False,0.6357687711715698,0.9550012946128845
218,8.68,1,101.90110778808594,25.203094482421637,4.043198261196011,0.9126927943041481,5,False,0.6341630220413208,0.9850283265113831
219,8.72,1,101.2771224975586,18.815135955810234,0.0,0.708070613583397,5,False,0.6453864574432373,0.9750310182571411
220,8.76,1,100.69398498535156,6.683177947998216,0.0,0.16135904389444589,5,False,0.6427825093269348,0.9738675355911255
221,8.8,1,101.6019058227539,-2.765464782714709,0.0,0.147741789364236,5,False,0.6282087564468384,0.9735223650932312
222,8.84,1,101.30278778076172,-2.1796417236327597,0.0,0.09443511802822813,5,False,0.6436132788658142,0.971973717212677
223,8.88,1,101.71983337402344,3.7355613708493856,0.0,0.3525159782968189,5,False,0.6195594072341919,0.9485159516334534
224,8.92,1,100.93388366699219,1.4943122863770797,0.0,0.04723057276320697,5,False,0.6274413466453552,0.970966100692749
225,8.96,1,99.62702941894531,-10.796642303466815,0.0,0.6533426688472502,5,False,0.6046533584594727,0.9613569974899292
226,9.0,1,97.65249633789062,-23.48346710205092,0.0,0.8116205587253842,5,False,0.6290135383605957,0.9408826231956482
227,9.04,1,99.92768859863281,-17.164192199707045,0.0,0.4971679156599559,5,False,0.6221351623535156,0.9640704989433289
228,9.08,1,100.42499542236328,-1.7927932739259342,0.0,0.00816715398088197,5,False,0.6252719759941101,0.9575251340866089
229,9.12,1,101.10014343261719,14.296817779540763,0.0,0.48632700586285926,5,False,0.6080634593963623,0.9263045191764832
230,9.16,1,101.25703430175781,20.953826904296783,4.832388602055031,0.8302990829044132,5,False,0.6222147941589355,0.9704259634017944
231,9.2,1,99.85954284667969,1.7393684387207349,0.0,0.028887966684346567,5,False,0.6207438111305237,0.9711385369300842
232,9.24,1,100.31006622314453,-3.6761474609375973,0.0,0.16084127518299995,5,False,0.6124736666679382,0.9752619862556458
233,9.28,1,98.95462799072266,-13.094997406006012,0.0,0.7706476162765032,5,False,0.5940272212028503,0.962404727935791
234,9.32,1,99.60694122314453,-10.512752532959063,0.0,0.6007891605285459,5,False,0.6054950952529907,0.8779942393302917
235,9.36,1,100.99130249023438,3.9009857177734406,0.0,0.10447923047097774,5,False,0.5865349769592285,0.9229846000671387
236,9.4,1,98.7313003540039,-2.8021430969239014,0.0,0.03548442959935094,5,False,0.5715291500091553,0.95052170753479
237,9.44,1,99.27778625488281,-0.5733108520509478,0.0,0.001657745180967618,5,False,0.6141177415847778,0.9710566401481628
238,9.48,1,97.93170166015625,-12.659988403320684,0.0,0.4978880367689229,5,False,0.6348845958709717,0.9340528845787048
239,9.52,1,99.02569580078125,-11.827030181884654,0.0,0.44116179176092396,5,False,0.6111552119255066,0.926771879196167
240,9.56,1,98.04078674316406,-4.082794189453297,0.0,0.18819547939721393,5,False,0.6404926180839539,0.9110212326049805
241,9.6,1,97.97367095947266,-6.247863769531088,0.0,0.37185061066064484,5,False,0.6191372871398926,0.9546996355056763
242,9.64,1,95.92111206054688,-12.683010101318619,0.0,0.5011425588992281,5,False,0.614474892616272,0.8767068386077881
243,9.68,1,98.38325500488281,-8.511390686035107,0.0,0.21318209283267842,5,False,0.6137301921844482,0.9169402718544006
244,9.72,1,96.8111801147461,-5.124073028564476,0.0,0.09915139918923288,5,False,0.6274005770683289,0.8885170221328735
245,9.76,1,99.33589172363281,9.036273956298738,0.0,0.18218270643993006,5,False,0.6433050632476807,0.8583404421806335
246,9.8,1,98.14207458496094,13.48640441894513,0.0,0.3991343400112324,5,False,0.6678264737129211,0.8581712245941162
247,9.84,1,99.459228515625,8.707103729247862,0.0,0.26453077930678814,5,False,0.6488088369369507,0.882196843624115
248,9.88,1,96.61445617675781,-0.675277709961056,0.0,0.001007618582994918,5,False,0.6648880839347839,0.8753332495689392
249,9.92,1,96.64303588867188,-17.283325195312614,0.0,0.6217007772846235,5,False,0.6492801904678345,0.9340879321098328
250,9.96,1,95.47779846191406,-20.36186218261702,0.0,0.6918733405050762,5,False,0.656985342502594,0.9270355105400085
251,10.0,1,97.87496948242188,-10.762939453124975,0.0,0.20195012227226894,5,False,0.6730032563209534,0.9185025095939636
252,10.04,1,97.2926025390625,6.470565795898553,0.0,0.20910516852588368,5,False,0.6876353621482849,0.9737914800643921
253,10.08,1,97.67643737792969,9.704017639159888,0.0,0.40145900915063293,5,False,0.6926876902580261,0.98114013671875
254,10.12,1,97.98628997802734,12.04612731933594,0.0,0.5454723873156501,5,False,0.6661819219589233,0.9847581386566162
255,10.16,1,98.56675720214844,5.193157196044872,0.0,0.49630453761536797,5,False,0.6593936681747437,0.9432805180549622
256,10.2,1,99.77250671386719,14.62532043457028,6.8219022728577015,0.9167737718634905,5,False,0.6612539291381836,0.9798365235328674
257,10.24,1,97.93058776855469,5.736293792724515,0.0,0.18631747752039873,5,False,0.6797154545783997,0.9739218950271606
258,10.28,1,98.73799133300781,2.1680831909179994,0.0,0.03388320830266511,5,False,0.6731435060501099,0.9806493520736694
259,10.32,1,97.81719970703125,-6.334075927734415,0.0,0.2620451607464692,5,False,0.6851546168327332,0.9672287106513977
260,10.36,1,97.9411392211914,-9.44030761718755,0.0,0.5165189650788413,5,False,0.6862240433692932,0.9469866156578064
261,10.4,1,99.66754150390625,6.692638397216803,0.0,0.2878541616511118,5,False,0.7031470537185669,0.9307587146759033
262,10.44,1,99.03033447265625,6.087570190429614,0.0,0.2487978217425909,5,False,0.661928653717041,0.8535165786743164
263,10.48,1,97.56614685058594,1.4677238464353657,0.0,0.010607304670457007,5,False,0.6533995270729065,0.9098095297813416
264,10.52,1,97.33397674560547,-8.289299011230657,0.0,0.2745908174658007,5,False,0.6686509847640991,0.8502150774002075
265,10.56,1,98.77472686767578,-8.704967498779355,0.0,0.30707206456229874,5,False,0.6357112526893616,0.9347243309020996
266,10.6,1,97.56356811523438,-4.312381744384927,0.0,0.12048191681745846,5,False,0.6285563707351685,0.8882392644882202
267,10.64,1,98.68623352050781,6.174411773681637,0.0,0.3223501096806337,5,False,0.634357213973999,0.9651174545288086
268,10.68,1,98.869140625,7.454586029052589,0.0,0.41179599905202213,5,False,0.554154098033905,0.9049996137619019
269,10.72,1,94.87586975097656,-16.230354309082234,0.0,0.36732186669148326,5,False,0.591848611831665,0.892816960811615
270,10.76,1,94.38714599609375,-25.40802001953147,0.0,0.5764889904147894,5,False,0.5909534096717834,0.911509096622467
271,10.8,1,98.38926696777344,-12.689819335937853,0.0,0.13147144302531055,5,False,0.5764210820198059,0.9348655343055725
272,10.84,1,96.24186706542969,-4.352874755859281,0.0,0.01855680927895742,5,False,0.574083149433136,0.9375818371772766
273,10.88,1,99.53999328613281,27.95742034912098,0.0,0.631452185134576,5,False,0.6023980975151062,0.9319769740104675
274,10.92,1,97.83779907226562,20.130081176757763,0.0,0.40281576449213885,5,False,0.5752012133598328,0.8670374155044556
275,10.96,1,100.58807373046875,14.983863830566275,0.0,0.3268752834730003,5,False,0.5815252661705017,0.9318159818649292
276,11.0,1,98.73748016357422,15.098266601562324,0.0,0.33169338939025217,5,False,0.5928975939750671,0.9364657402038574
277,11.04,1,98.86991882324219,-1.1011695861817368,0.0,0.004636560364591813,5,False,0.5863803625106812,0.9201404452323914
278,11.08,1,97.1995620727539,-7.486572265625115,0.0,0.13638146897236836,5,False,0.5957424640655518,0.8951655030250549
279,11.12,1,99.89439392089844,-7.313194274902544,0.0,0.129018428617252,5,False,0.5966089963912964,0.9296899437904358
280,11.16,1,94.61785888671875,-18.036918640136953,0.0,0.3084386101772466,5,False,0.5942397117614746,0.8915967345237732
281,11.2,1,95.44844818115234,-23.561611175537166,0.0,0.44897773603206215,5,False,0.58633953332901,0.9235621094703674
282,11.24,1,93.25358581542969,-30.84474563598632,0.0,0.5781750292218055,5,False,0.5838003158569336,0.9339259266853333
283,11.28,1,95.63375854492188,-24.713859558105444,0.0,0.3941698618874584,5,False,0.6184533834457397,0.8986586332321167
284,11.32,1,99.21255493164062,23.436756134033107,0.0,0.4497838306109069,5,False,0.6364771723747253,0.8871411085128784
285,11.36,1,97.88998413085938,27.10510253906244,0.0,0.54776456966392,5,False,0.6383287906646729,0.9721548557281494
286,11.4,1,96.07372283935547,19.741249084472486,0.0,0.30089303299935144,5,False,0.6614479422569275,0.9720785617828369
287,11.44,1,96.51901245117188,-3.420810699462774,0.0,0.02171608331371222,5,False,0.6568792462348938,0.9474540948867798
288,11.48,1,96.9601821899414,-14.689292907714945,0.0,0.5541325544224794,5,False,0.6467019319534302,0.9143206477165222
289,11.52,1,97.3550033569336,-0.45875549316412856,0.0,0.0016829337742455541,5,False,0.6524571180343628,0.9561355113983154
290,11.56,1,97.30950927734375,8.268909454345616,11.768118857100802,0.9191219059791118,5,False,0.6494486927986145,0.980642557144165
291,11.6,1,98.40299987792969,10.293254852294977,9.559949820536099,0.8717089398489908,5,False,0.6586630344390869,0.9238113760948181
292,11.64,1,98.17820739746094,8.710117340087747,0.0,0.7962710605119192,5,False,0.6496554017066956,0.9774200320243835
293,11.68,1,97.422119140625,2.507324218749957,0.0,0.09436081150638242,5,False,0.6670828461647034,0.9772108793258667
294,11.72,1,97.85144805908203,0.2574920654296611,0.0,0.0011956112712377953,5,False,0.6757695078849792,0.9745531678199768
295,11.76,1,97.54829406738281,-5.090427398681758,0.0,0.6070679487015909,5,False,0.6674295663833618,0.9786117076873779
296,11.8,1,99.1790771484375,5.319786071777102,0.0,0.22919552944399202,5,False,0.6668733358383179,0.9436804056167603
297,11.84,1,97.59335327148438,4.175243377685309,0.0,0.1339224368373636,5,False,0.6455160975456238,0.9226455092430115
298,11.88,1,98.35930633544922,2.6519393920899055,0.0,0.060683100173264615,5,False,0.6748464107513428,0.9514364004135132
299,11.92,1,97.01262664794922,-4.727764129638804,0.0,0.12571563895868332,5,False,0.6647336483001709,0.934257447719574
300,11.96,1,98.51260375976562,-4.784183502197363,0.0,0.12912916554552245,5,False,0.6634856462478638,0.9498001337051392
301,12.0,1,97.23758697509766,-1.3955879211425561,0.0,0.01747368013883821,5,False,0.6652365326881409,0.9517380595207214
302,12.04,1,99.88082885742188,8.170013427734252,0.0,0.20210248863068214,5,False,0.6707035899162292,0.9562811255455017
303,12.08,1,99.94537353515625,18.0842971801756,0.0,0.6708263380916634,5,False,0.6722074151039124,0.9820218086242676
304,12.12,1,99.76375579833984,13.025226593017477,0.0,0.4870439581040312,5,False,0.6560354828834534,0.9428900480270386
305,12.16,1,100.13188171386719,14.178791046142464,0.0,0.5477599205817593,5,False,0.6537245512008667,0.9825580716133118
306,12.2,1,101.10812377929688,6.602745056152042,0.0,0.5908549385435524,5,False,0.6386461853981018,0.969163179397583
307,12.24,1,102.3075180053711,15.17164230346665,6.743338391387879,0.8170318831770507,5,False,0.6490349173545837,0.9701336026191711
308,12.28,1,102.03011322021484,16.770877838134535,6.083767004027256,0.8927109408703812,5,False,0.6246548891067505,0.9756245613098145
309,12.32,1,100.86753845214844,5.983257293701108,0.0,0.18265586439413628,5,False,0.6261955499649048,0.9685755968093872
310,12.36,1,101.46234130859375,-1.8288612365723715,0.0,0.03633350407734759,5,False,0.6353546380996704,0.9820193648338318
311,12.4,1,100.02871704101562,-12.8134346008302,0.0,0.7795103102887755,5,False,0.6193731427192688,0.9453023672103882
312,12.44,1,99.72393035888672,-13.627967834472598,0.0,0.8016679962280162,5,False,0.6080987453460693,0.991692066192627
313,12.48,1,97.94972229003906,-18.93510818481452,0.0,0.799914280319018,5,False,0.6058968305587769,0.9560813307762146
314,12.52,1,98.95068359375,-17.755775451660142,0.0,0.7407344338494365,5,False,0.6114596724510193,0.9598682522773743
315,12.56,1,99.6048812866211,-4.052295684814578,0.0,0.09598594564030294,5,False,0.6284996271133423,0.9712543487548828
316,12.6,1,101.08374786376953,10.936985015869032,0.0,0.3633368210063187,5,False,0.6262005567550659,0.971142053604126
317,12.64,1,100.38946533203125,17.531375885009435,5.726274194934771,0.8237545201053068,5,False,0.6181267499923706,0.9133084416389465
318,12.68,1,99.94760131835938,6.946048736572036,0.0,0.2985144528952265,5,False,0.6237236261367798,0.9599781632423401
319,12.72,1,100.03927612304688,-0.6683921813966319,0.0,0.0056740425799564065,5,False,0.6256614327430725,0.9765510559082031
320,12.76,1,99.58377075195312,-8.37535858154302,0.0,0.8728787651330523,5,False,0.6118361949920654,0.9854066967964172
321,12.8,1,100.92538452148438,1.7700195312499,0.0,0.04872740127891684,5,False,0.6204419732093811,0.9844293594360352
322,12.84,1,100.34199523925781,4.187240600585985,0.0,0.2776473973261756,5,False,0.6207544207572937,0.9487109184265137
323,12.88,1,101.24081420898438,7.903251647949044,0.0,0.5616813181932612,5,False,0.6158285140991211,0.9556006789207458
324,12.92,1,100.60944366455078,5.916938781738371,0.0,0.3505257661243658,5,False,0.6186257004737854,0.9724732041358948
325,12.96,1,100.8431625366211,0.2575111389159911,0.0,0.0023182250204329957,5,False,0.614975094795227,0.9723442196846008
326,13.0,1,101.20742797851562,3.3330345153807746,0.0,0.29799978418277795,5,False,0.6402109861373901,0.9629576802253723
327,13.04,1,101.34089660644531,1.9953727722165895,0.0,0.16647187068566205,5,False,0.6184316277503967,0.971843957901001
328,13.08,1,102.42922973632812,10.343265533447168,9.902987543450493,0.8689008555083497,5,False,0.6298035383224487,0.8725771307945251
329,13.12,1,102.82799530029297,12.978668212890566,7.922846444149253,0.9276036917908339,5,False,0.6227422952651978,0.8827251195907593
330,13.16,1,103.46426391601562,15.001926422118988,6.89673185994746,0.9592271036270393,5,False,0.6239458918571472,0.8350136876106262
331,13.2,1,102.85125732421875,10.139389038086007,0.0,0.6645917131489498,5,False,0.6318433880805969,0.9450679421424866
332,13.24,1,103.66535949707031,6.238803863525236,0.0,0.6079328246971698,5,False,0.6356581449508667,0.924315869808197
333,13.28,1,103.64064025878906,4.565963745117129,0.0,0.47642100382714303,5,False,0.6480321884155273,0.9535369873046875
334,13.32,1,101.1075210571289,-9.810256958007987,0.0,0.3306132749716586,5,False,0.6457481384277344,0.9010431170463562
335,13.36,1,103.24066925048828,-4.447536468505963,0.0,0.07087068300324606,5,False,0.6092562675476074,0.9181405901908875
336,13.4,1,104.09880828857422,1.1673164367673736,0.0,0.0039026301683144915,5,False,0.6229168772697449,0.9548877477645874
337,13.44,1,103.78723907470703,8.211212158203011,0.0,0.1884714002586615,5,False,0.6059457063674927,0.9663150906562805
338,13.48,1,103.21646881103516,11.911163330078008,0.0,0.41478434552292,5,False,0.6213350892066956,0.9267110228538513
339,13.52,1,103.2107162475586,-2.355613708496149,0.0,0.1321516502201876,5,False,0.6114750504493713,0.987389087677002
340,13.56,1,102.00788879394531,-11.895904541015808,0.0,0.8866709517884294,5,False,0.6072850227355957,0.9774447679519653
341,13.6,1,103.9439697265625,-2.2377967834475445,0.0,0.034620772951259426,5,False,0.6132858395576477,0.9344146251678467
342,13.64,1,103.63094329833984,3.905506134033072,0.0,0.11294850758576047,5,False,0.6399844288825989,0.9443029761314392
343,13.68,1,104.85111236572266,12.259616851806717,0.0,0.5533734378091082,5,False,0.6319805383682251,0.9205875992774963
344,13.72,1,104.51302337646484,14.793529510498,0.0,0.7184715362400478,5,False,0.6806119084358215,0.9374359846115112
345,13.76,1,104.4588623046875,4.7796630859374725,0.0,0.3861220844013692,5,False,0.6702290773391724,0.9399200677871704
346,13.8,1,104.44891357421875,3.1092262268066873,0.0,0.19056006752877663,5,False,0.6856845617294312,0.9266821146011353
347,13.84,1,106.39863586425781,7.577342987060409,0.0,0.32923099783609544,5,False,0.664473831653595,0.9141765832901001
348,13.88,1,107.30973052978516,18.83296966552718,0.0,0.7862094778886405,5,False,0.6829917430877686,0.9413152933120728
349,13.92,1,107.75373840332031,23.62642288207996,4.560730117340309,0.9204216812186612,5,False,0.6591222286224365,0.9466461539268494
350,13.96,1,107.73734283447266,19.82990264892573,5.4330747226491924,0.8158170096857672,5,False,0.6853107213973999,0.97625732421875
351,14.0,1,107.87080383300781,8.429870605468382,0.0,0.7732198369600335,5,False,0.6615676879882812,0.9744136929512024
352,14.04,1,107.830810546875,2.8980636596676526,0.0,0.6623744624695932,5,False,0.6814301013946533,0.957812488079071
353,14.08,1,108.62319946289062,4.580974578857298,0.0,0.6032987090417484,5,False,0.7002610564231873,0.9861820340156555
354,14.12,1,108.37154388427734,5.051994323730203,0.0,0.6770957642500397,5,False,0.6799734830856323,0.9761163592338562
355,14.16,1,107.59992980957031,-0.0025367736815684622,0.0,1.4415856619542922e-07,5,False,0.6654415130615234,0.9472786784172058
356,14.2,1,105.98450469970703,-11.78970336914076,0.0,0.5206252650914389,5,False,0.6764754056930542,0.9816175103187561
357,14.24,1,105.95893096923828,-19.288940429687777,0.0,0.9133573372442102,5,False,0.6827080845832825,0.9769434332847595
358,14.28,1,105.7107925415039,-17.40625381469734,0.0,0.8594470247376279,5,False,0.6623529195785522,0.9569944143295288
359,14.32,1,104.97676849365234,-13.80008697509765,0.0,0.8276325094859539,5,False,0.6609451770782471,0.9567999243736267
360,14.36,1,104.46444702148438,-10.055694580078113,0.0,0.8972206875883293,5,False,0.6509958505630493,0.9740450978279114
361,14.4,1,105.9906005859375,-2.957515716552944,0.0,0.07731522648044908,5,False,0.6597786545753479,0.9588152766227722
362,14.44,1,107.66961669921875,12.328701019286788,0.0,0.405723054441249,5,False,0.6736829876899719,0.9676121473312378
363,14.48,1,106.36302185058594,14.944190979003853,0.0,0.5701657865009491,5,False,0.657742440700531,0.9524174332618713
364,14.52,1,109.40545654296875,25.636100769042702,0.0,0.759602222274117,5,False,0.6588589549064636,0.9564628601074219
365,14.56,1,110.51644897460938,26.968841552734393,0.0,0.7689494175510362,5,False,0.6537996530532837,0.9016554951667786
366,14.6,1,109.25311279296875,18.301048278808487,0.0,0.5051160770386448,5,False,0.6383458375930786,0.9745743274688721
367,14.64,1,106.2684326171875,-0.8538055419925383,0.0,0.0007826192728879189,5,False,0.6377187967300415,0.9036165475845337
368,14.68,1,106.62162780761719,-24.539184570312365,0.0,0.6919802005949075,5,False,0.6338874101638794,0.9506623148918152
369,14.72,1,108.5888671875,-16.216621398925916,0.0,0.3277999858868338,5,False,0.6302245259284973,0.957555890083313
370,14.76,1,109.40374755859375,6.554260253906188,0.0,0.07826514812844032,5,False,0.6113450527191162,0.9825674891471863
371,14.8,1,108.97759246826172,20.501098632812422,5.315695242490121,0.8233724177123036,5,False,0.6454545855522156,0.9767516255378723
372,14.84,1,108.37592315673828,9.743289947509899,0.0,0.33457782116033397,5,False,0.6247910261154175,0.9731436967849731
373,14.88,1,107.71450805664062,-6.941356658935823,0.0,0.4752067247349714,5,False,0.6406702995300293,0.9684939384460449
374,14.92,1,108.50037384033203,-7.67457962036145,0.0,0.5772084403684481,5,False,0.6461965441703796,0.9827139973640442
375,14.96,1,109.05132293701172,0.6797790527343571,0.0,0.00636512967082925,5,False,0.6364457607269287,0.9575124979019165
376,15.0,1,109.60939025878906,9.50937271118155,0.0,0.7043581723648897,5,False,0.6556706428527832,0.9680755734443665
377,15.04,1,109.50459289550781,11.722965240478503,9.34103195302472,0.8960667911951384,5,False,0.6475245952606201,0.9780764579772949
378,15.08,1,110.55516052246094,11.407108306884426,9.69177792900753,0.9011505603157225,5,False,0.6462550163269043,0.9662290811538696
379,15.12,1,111.3467788696289,13.84170532226528,8.044296297113073,0.8965753810650107,5,False,0.6501039266586304,0.9641573429107666
380,15.16,1,113.13034057617188,22.21021652221692,5.093617185722048,0.8887421223923057,5,False,0.6594815850257874,0.9635187387466431
381,15.2,1,112.71955871582031,22.51277923583956,5.006914407812195,0.8978982817482865,5,False,0.648699939250946,0.9633628129959106
382,15.24,1,113.1490478515625,16.40138626098628,0.0,0.7871864233130225,5,False,0.6444224119186401,0.9929797053337097
383,15.28,1,113.03627014160156,8.494224548339774,0.0,0.49573577672381774,5,False,0.6331562399864197,0.967393696308136
384,15.32,1,112.92829895019531,-0.21842956542979983,0.0,0.006154255084560134,5,False,0.6379528045654297,0.9859654307365417
385,15.36,1,112.23907470703125,-2.9542922973630406,0.0,0.27158736465847466,5,False,0.6432523727416992,0.9858713150024414
386,15.4,1,112.00682067871094,-7.704124450683799,0.0,0.8994285504152595,5,False,0.6837879419326782,0.9334753155708313
387,15.44,1,111.24103546142578,-11.27986907958996,0.0,0.9479907094682155,5,False,0.6564364433288574,0.9463891983032227
388,15.48,1,114.42887115478516,5.00776290893549,0.0,0.0694600394010293,5,False,0.6814660429954529,0.9313230514526367
389,15.52,1,111.13056945800781,0.5125999450681993,0.0,0.0005946805114440679,5,False,0.6430546045303345,0.9250378012657166
390,15.56,1,116.01957702636719,19.78761672973642,0.0,0.3345032628213841,5,False,0.6781275868415833,0.9144029021263123
391,15.6,1,116.7026138305664,31.284656524658466,0.0,0.5722166328740459,5,False,0.6659752130508423,0.9330486059188843
392,15.64,1,117.13966369628906,27.484073638916136,0.0,0.5082465638958598,5,False,0.7099475860595703,0.9309868216514587
393,15.68,1,116.64012908935547,30.348014831542756,0.0,0.5943616249209294,5,False,0.6913708448410034,0.9620381593704224
394,15.72,1,117.80038452148438,8.747825622558436,0.0,0.7028821441797481,5,False,0.7102041244506836,0.973257303237915
395,15.76,1,117.63671112060547,6.322288513183371,0.0,0.573903351180512,5,False,0.7306948304176331,0.9669421315193176
396,15.8,1,119.78118896484375,15.699081420898697,0.0,0.6878245389978229,5,False,0.7395363450050354,0.9602451324462891
397,15.84,1,119.84805297851562,20.991630554199254,5.709325565209165,0.8783762552390445,5,False,0.7333554625511169,0.9792439937591553
398,15.88,1,118.93498229980469,11.201343536376593,0.0,0.4529771121013221,5,False,0.7255095839500427,0.9809709787368774
399,15.92,1,119.0455322265625,4.928588867187422,0.0,0.1221359308988883,5,False,0.7334862351417542,0.9812663793563843
400,15.96,1,121.92172241210938,8.6963653564451,0.0,0.20987934134350517,5,False,0.719373881816864,0.9494494795799255
401,16.0,1,124.25923156738281,29.52274322509753,0.0,0.6741121620010437,5,False,0.7240059971809387,0.9624126553535461
402,16.04,3,507.119384765625,,0.0,,1,False,0.5042530298233032,0.04186960682272911
403,16.08,1,125.32533264160156,36.1864399265597,3.4633230816833334,0.9056429896446114,5,False,0.562086820602417,0.9052534699440002
404,16.12,1,126.23462677001953,32.88834372232106,3.8382786264893323,0.8854464150815395,5,False,0.6990234851837158,0.9448537826538086
405,16.16,1,126.4616470336914,21.15598057591612,5.977583812761428,0.9014463836547325,5,False,0.7122292518615723,0.9661725163459778
406,16.2,1,128.88473510742188,20.880413055420053,6.172518463372375,0.8746721038854981,5,False,0.7264254093170166,0.9444106817245483
407,16.24,1,127.56388854980469,17.81805038452124,0.0,0.6778214065530546,5,False,0.7347649931907654,0.9578790068626404
408,16.28,1,126.58138275146484,4.489383697509425,0.0,0.0669648002526837,5,False,0.7360026836395264,0.950175404548645
409,16.32,1,125.69166564941406,-9.608287811279503,0.0,0.24454287693644283,5,False,0.7352209687232971,0.9566117525100708
410,16.36,1,126.46422576904297,-16.783103942871172,0.0,0.7464839531835086,5,False,0.7444658279418945,0.9377720952033997
411,16.4,1,128.11483764648438,2.461853027343663,0.0,0.02644686116363837,5,False,0.738949716091156,0.9777801036834717
412,16.44,1,130.21957397460938,24.248886108398313,0.0,0.7279485657783044,5,False,0.7646113038063049,0.9674583077430725
413,16.48,1,130.62083435058594,34.03421401977517,3.83792715984833,0.9628382403515854,5,False,0.7692692875862122,0.9748480916023254
414,16.52,1,130.56822204589844,26.78497314453115,4.874681835272153,0.8445165496348583,5,False,0.7593834400177002,0.9664070010185242
415,16.56,1,133.6431884765625,28.513374328612972,4.6870351764172815,0.8350558491931939,5,False,0.7571609020233154,0.9707192182540894
416,16.6,1,133.71897888183594,25.052909851073974,5.337462980417168,0.8050145294082969,5,False,0.7459215521812439,0.9935579299926758
417,16.64,1,132.6514129638672,18.029785156250107,0.0,0.5338851634421713,5,False,0.7461265921592712,0.9700865149497986
418,16.68,1,133.11524963378906,10.255699157714863,0.0,0.25346613522415895,5,False,0.7499907612800598,0.9775189757347107
419,16.72,1,132.97036743164062,-4.873428344726579,0.0,0.46080825269022285,5,False,0.7377910614013672,0.9914353489875793
420,16.76,1,134.6429443359375,5.417213439941119,0.0,0.1900392038005151,5,False,0.7386218309402466,0.9681461453437805
421,16.8,1,135.51756286621094,18.149986267089705,7.466538038760773,0.8591418581165334,5,False,0.7366796731948853,0.9725162982940674
422,16.84,1,134.91769409179688,15.380210876464542,0.0,0.7376987605884842,5,False,0.7388114929199219,0.9853390455245972
423,16.88,1,135.87066650390625,15.188369750976392,0.0,0.7314686489177713,5,False,0.7312856316566467,0.9922956228256226
424,16.92,1,136.42710876464844,9.803581237793063,0.0,0.743678023497512,5,False,0.7423689961433411,0.979363739490509
425,16.96,1,137.79412841796875,15.156364440917859,0.0,0.7710837502020367,5,False,0.7436375021934509,0.9814066886901855
426,17.0,1,141.04110717773438,35.42572021484362,3.981319400773599,0.8853491007493142,5,False,0.7528819441795349,0.9632819890975952
427,17.04,1,138.3116912841797,23.740119934081928,0.0,0.5520606013150684,5,False,0.7222844958305359,0.9652929902076721
428,17.08,0,0.0,0.0,0.0,0.0,0,0,0.0,0.0
429,17.12,1,139.83578491210938,14.339081016746494,0.0,0.37723586886915794,5,False,0.657961368560791,0.9458849430084229
430,17.16,1,140.20262145996094,6.941768734953941,0.0,0.18206897005322809,5,False,0.7484005689620972,0.969190239906311
431,17.2,1,139.00425720214844,-3.1648014867031034,0.0,0.061541666446128684,5,False,0.7426209449768066,0.9613691568374634
432,17.24,1,140.76223754882812,9.08985137939449,0.0,0.5174092877197718,5,False,0.7305461764335632,0.9717780947685242
433,17.28,1,141.858642578125,11.513328552245934,0.0,0.46699483755656335,5,False,0.7499791383743286,0.988231360912323
434,17.32,1,142.09408569335938,16.593284606933224,0.0,0.6908102714285163,5,False,0.7437760233879089,0.9619758129119873
435,17.36,1,142.36666870117188,20.141677856445185,7.068262620217393,0.8534312467420094,5,False,0.7551564574241638,0.9834617376327515
436,17.4,1,143.09263610839844,12.922058105468253,11.073517464516403,0.9266619370020205,5,False,0.7518122792243958,0.9770600199699402
437,17.44,1,144.60162353515625,16.211280822753707,8.919814857083802,0.8574949379689146,5,False,0.7427753806114197,0.9793385863304138
438,17.48,1,143.7081298828125,13.657608032226403,0.0,0.7194972719213937,5,False,0.7350800037384033,0.9846600890159607
439,17.52,1,144.47698974609375,12.090339660644517,0.0,0.6587357769772009,5,False,0.7455007433891296,0.9850660562515259
440,17.56,1,143.92527770996094,3.851623535156017,0.0,0.1586717197418599,5,False,0.7330475449562073,0.9884163737297058
441,17.6,1,144.2152099609375,-1.3891983032227126,0.0,0.05567551163981199,5,False,0.7540779113769531,0.960464358329773
442,17.64,1,144.2205352783203,1.9075775146483895,0.0,0.16465971117593847,5,False,0.7475903630256653,0.9852365255355835
443,17.68,1,143.470458984375,-4.294509887695384,0.0,0.5006222714704174,5,False,0.7310758233070374,0.9842599630355835
444,17.72,1,143.7734375,-2.6210784912108505,0.0,0.27407505954831723,5,False,0.7373273372650146,0.9767116904258728
445,17.76,1,145.0791015625,3.201713562011748,0.0,0.11112032090463964,5,False,0.7545296549797058,0.9517204165458679
446,17.8,1,143.3581085205078,-0.29052734375020867,0.0,0.0006908166350109157,5,False,0.7607465982437134,0.961827278137207
447,17.84,1,145.564208984375,9.430427551269506,0.0,0.3517903356490891,5,False,0.7590723037719727,0.9549523591995239
448,17.88,1,147.68466186523438,20.76889038085932,0.0,0.5903790637722182,5,False,0.7716575264930725,0.9751319885253906
449,17.92,1,153.9459228515625,55.15048980712872,0.0,0.7193736416161677,5,False,0.7611252069473267,0.9527300596237183
450,17.96,1,150.0112762451172,54.220123291015064,0.0,0.7029362173028315,5,False,0.7680304050445557,0.9290359020233154
451,18.0,1,150.04998779296875,28.24542999267556,0.0,0.32643282695153,5,False,0.7820340991020203,0.9713166356086731
452,18.04,1,150.52590942382812,4.466400146484279,0.0,0.015780183518869784,5,False,0.7620787620544434,0.940903902053833
453,18.08,1,148.6756591796875,-25.064735412597937,0.0,0.6466640127991783,5,False,0.7604189515113831,0.9626423716545105
454,18.12,1,149.44161987304688,-6.2841033935545605,0.0,0.31447541966470594,5,False,0.7817832231521606,0.9519872665405273
455,18.16,1,152.35693359375,8.824005126953145,0.0,0.16222874160008605,5,False,0.793752908706665,0.9224490523338318
456,18.2,1,154.52398681640625,29.19357299804672,0.0,0.6125703467112209,5,False,0.7997634410858154,0.9544157385826111
457,18.24,1,152.67742919921875,32.714767456054794,0.0,0.72952834894913,5,False,0.8078595995903015,0.9822230935096741
458,18.28,1,154.1571502685547,24.378890991210763,0.0,0.5883749968499061,5,False,0.7704329490661621,0.9019876718521118
459,18.32,1,151.4268798828125,-5.567359924316515,0.0,0.07457819456244974,5,False,0.7660748362541199,0.9441998600959778
460,18.36,1,152.71853637695312,-12.1536254882813,0.0,0.3770103402282048,5,False,0.7768736481666565,0.9378743767738342
461,18.4,1,153.40167236328125,0.024681091308711958,0.0,2.387764753808419e-06,5,False,0.7742682695388794,0.9739011526107788
462,18.44,1,155.8371124267578,13.336791992187493,0.0,0.26322403925989735,5,False,0.7535305619239807,0.9635428190231323
463,18.48,1,156.32763671875,32.300224304198984,4.839831304156846,0.9595060648550299,5,False,0.7677256464958191,0.9619234800338745
464,18.52,1,158.8984375,38.21441650390635,4.158075722123275,0.9549602183378927,5,False,0.7786081433296204,0.9759193062782288
465,18.56,1,159.57289123535156,38.509407043456875,4.143737945777188,0.9571053811674125,5,False,0.7582080364227295,0.9859659075737
466,18.6,1,160.339111328125,30.623130798339602,5.235882391777481,0.9355949531521555,5,False,0.7682848572731018,0.9839478135108948
467,18.64,1,161.82920837402344,31.10954284667954,5.201915347055516,0.9382691817329732,5,False,0.7469606399536133,0.9600135087966919
468,18.68,1,163.36129760742188,27.955093383788913,5.843704235384693,0.9652705799882242,5,False,0.7641683220863342,0.9777097702026367
469,18.72,1,163.15237426757812,25.452880859374815,6.40997673972476,0.9213372331277868,5,False,0.7543911933898926,0.9947860240936279
470,18.76,1,165.69639587402344,30.094337463378643,5.505899442898749,0.9172432836236863,5,False,0.7514243125915527,0.9793426990509033
471,18.8,1,164.81869506835938,20.785179138183473,0.0,0.7574445064120863,5,False,0.7502337694168091,0.9841141700744629
472,18.84,1,166.5596923828125,20.157775878906037,0.0,0.7515124877949342,5,False,0.7222731113433838,0.9869405627250671
473,18.88,1,167.97605895996094,26.276664733886687,6.392594366945555,0.8388946331434595,5,False,0.7316352128982544,0.976495623588562
474,18.92,1,168.34703063964844,21.146583557128775,7.9609564440917255,0.8034491258636867,5,False,0.7396672368049622,0.9947092533111572
475,18.96,1,167.6475830078125,18.61278533935541,0.0,0.6831250854898229,5,False,0.7566759586334229,0.9774972200393677
476,19.0,1,166.3604736328125,-1.8172836303712812,0.0,0.017187436695017877,5,False,0.7571219205856323,0.9704519510269165
477,19.04,1,167.76113891601562,-6.040992736816633,0.0,0.25808453065911696,5,False,0.7404656410217285,0.9856904149055481
478,19.08,1,167.95718383789062,-1.6653442382816424,0.0,0.019728655050876176,5,False,0.7340147495269775,0.9834883809089661
479,19.12,1,169.10739135742188,11.290817260742093,0.0,0.5332004485002733,5,False,0.7264705896377563,0.9532749056816101
480,19.16,1,169.01023864746094,16.61445617675773,10.172480931629437,0.8857882156246797,5,False,0.7292661666870117,0.973686695098877
481,19.2,1,168.05914306640625,4.12265777587915,0.0,0.17092389338703984,5,False,0.7311549186706543,0.9639419317245483
482,19.24,1,167.71437072753906,-3.834686279296645,0.0,0.14254467317356734,5,False,0.6962289214134216,0.9476197957992554
483,19.28,1,169.11264038085938,-3.2134246826174726,0.0,0.09358624291801165,5,False,0.7029021382331848,0.9439469575881958
484,19.32,1,170.14105224609375,8.287811279296786,0.0,0.29965687667888186,5,False,0.7253573536872864,0.9720702767372131
485,19.36,1,169.29905700683594,12.266273498535117,0.0,0.6250681796841422,5,False,0.7125501036643982,0.9791355133056641
486,19.4,1,168.42462158203125,4.017295837402103,0.0,0.07664499971172378,5,False,0.7351945638656616,0.9515413045883179
487,19.44,1,169.88613891601562,-0.4235839843752023,0.0,0.0015722588065339993,5,False,0.7244083881378174,0.9878966808319092
488,19.48,1,169.71156311035156,-0.6797409057618268,0.0,0.004104024575601106,5,False,0.7309951782226562,0.989249050617218
489,19.52,1,171.0172119140625,11.80812835693355,0.0,0.6280780462516564,5,False,0.7296524047851562,0.9733753800392151
490,19.56,1,169.96974182128906,10.553283691406012,0.0,0.5214482926792665,5,False,0.7304908633232117,0.9882311224937439
491,19.6,1,170.80401611328125,5.234832763672011,0.0,0.3148567402907373,5,False,0.7239347100257874,0.9829957485198975
492,19.64,1,169.77542114257812,-0.2136993408206681,0.0,0.0004906926670947831,5,False,0.7325290441513062,0.9714145660400391
493,19.68,1,171.0469970703125,-0.33687591552761903,0.0,0.0012413316520970552,5,False,0.713123619556427,0.9727343916893005
494,19.72,1,169.6083984375,-1.1992645263674344,0.0,0.013886369431093226,5,False,0.737257719039917,0.9715940952301025
495,19.76,1,171.19625854492188,1.543655395507525,0.0,0.017366085770098794,5,False,0.7152594923973083,0.9565746784210205
496,19.8,1,171.08279418945312,6.910018920898517,0.0,0.31377403836990125,5,False,0.7204974293708801,0.9604030847549438
497,19.84,1,171.87252807617188,7.813644409179687,0.0,0.35677587803249033,5,False,0.6882403492927551,0.9528350830078125
498,19.88,1,169.975830078125,3.527832031249884,0.0,0.05734438734023761,5,False,0.737728476524353,0.9552213549613953
499,19.92,1,172.19000244140625,2.2013092041016527,0.0,0.026510433137368228,5,False,0.6847495436668396,0.9459889531135559
500,19.96,1,169.98956298828125,-4.672470092773587,0.0,0.08215769787027705,5,False,0.7088685631752014,0.9685050249099731
501,20.0,1,152.1330108642578,-98.66325378417956,0.0,0.5385049957787333,5,False,0.6613669991493225,0.8641647100448608
502,20.04,1,172.4996795654297,-37.52323150634793,0.0,0.0762717169377628,5,False,0.6913465857505798,0.8558335304260254
503,20.08,1,172.9145965576172,9.898262023925817,0.0,0.004934845888654449,5,False,0.6682219505310059,0.9354367256164551
504,20.12,1,173.4176483154297,69.09439086914045,0.0,0.2319682968726603,5,False,0.6710735559463501,0.9474213123321533
505,20.16,1,154.080078125,12.030258178711048,0.0,0.004879676969077984,5,False,0.679259181022644,0.8464137315750122
506,20.2,4,117.0903091430664,,0.0,,1,False,0.6779840588569641,0.03813356161117554
506,20.2,1,152.23179626464844,-148.42571258544936,0.0,0.7467696886229062,5,False,0.6544899344444275,0.9501029849052429
507,20.24,4,112.04776000976562,,0.0,,2,False,0.7237076759338379,0.8789932131767273
507,20.24,1,154.02711486816406,-147.40203857421872,0.0,0.7412558934646143,5,False,0.6742045879364014,0.9616934061050415
508,20.28,4,111.81395721435547,,0.0,,3,False,0.7732831239700317,0.9348853230476379
508,20.28,1,154.6387481689453,-94.02690887451179,0.0,0.45207099409924667,5,False,0.6597853899002075,0.9820132851600647
509,20.32,4,107.21986389160156,,0.0,,4,False,0.6973847150802612,0.8525597453117371
509,20.32,1,154.5644989013672,8.439483642578193,0.0,0.2984459310955795,5,False,0.6680391430854797,0.9781339764595032
510,20.36,4,103.91091918945312,-77.96669006347673,0.0,0.95640074862005,5,False,0.7381665110588074,0.8569251298904419
510,20.36,1,154.872802734375,14.548492431640547,0.0,0.7372805681320465,5,False,0.6795471906661987,0.9915094971656799
511,20.4,4,103.05055236816406,-64.74363327026387,0.0,0.9316147245173587,5,False,0.7749790549278259,0.8970890641212463
511,20.4,1,154.1923370361328,1.411247253417752,0.0,0.06746876477878094,5,False,0.6819425225257874,0.9724112749099731
512,20.44,4,102.4698257446289,-57.14393615722631,0.0,0.8658082074602347,5,False,0.765017569065094,0.9345769882202148
512,20.44,1,153.720703125,-5.520629882812634,0.0,0.6004300455176601,5,False,0.6904415488243103,0.9424183964729309
513,20.48,4,100.42079162597656,-37.598094940185874,0.0,0.9151702259075923,5,False,0.7133724093437195,0.8612996339797974
513,20.48,1,169.06027221679688,69.59861755371108,0.0,0.4450499139887375,5,False,0.6595931649208069,0.8790951371192932
514,20.52,1,157.91851806640625,52.39841461181626,0.0,0.2663762680764139,5,False,0.6831870675086975,0.9016584157943726
514,20.52,4,94.98530578613281,-51.20246887207038,0.0,0.8169598611207116,5,False,0.6710136532783508,0.8907780051231384
515,20.56,4,94.96333312988281,-59.14739608764689,0.0,0.8924610476870832,5,False,0.6753789782524109,0.8807623386383057
515,20.56,1,163.6907958984375,57.98683166503891,0.0,0.31134041521235445,5,False,0.6379584074020386,0.9382979273796082
516,20.6,1,164.93362426757812,42.64091491699185,0.0,0.19868000574295053,5,False,0.6640744209289551,0.9643399715423584
516,20.6,4,92.94450378417969,-61.27025604248069,0.0,0.9079801329575992,5,False,0.6339428424835205,0.9205408096313477
517,20.64,1,165.67828369140625,0.6278228759763098,0.0,9.548743446696761e-05,5,False,0.6452651023864746,0.9651614427566528
517,20.64,4,92.2250747680664,-46.080589294433786,0.0,0.8235557648280358,5,False,0.639771044254303,0.8213295340538025
518,20.68,1,159.36476135253906,12.19993591308592,0.0,0.04951520324810266,5,False,0.663666307926178,0.9416769742965698
518,20.68,4,89.24099731445312,-35.567188262939375,0.0,0.9016697293891051,5,False,0.6392683982849121,0.9071680903434753
519,20.72,1,168.54417419433594,10.34473419189445,0.0,0.03809955825919187,5,False,0.6451641321182251,0.9143120646476746
519,20.72,4,83.0892562866211,-68.62915039062503,0.0,0.8826683253957839,5,False,0.6342480182647705,0.8591457009315491
520,20.76,4,83.20014953613281,-71.56131744384759,0.0,0.9014354349759363,5,False,0.6615713834762573,0.8836357593536377
520,20.76,1,161.980712890625,-7.599830627441428,0.0,0.01853782075801569,5,False,0.6476343274116516,0.9134148955345154
521,20.8,4,79.20447540283203,-80.20511627197278,0.0,0.9365573649345146,5,False,0.6819390654563904,0.8316749334335327
521,20.8,1,161.96817016601562,-12.010688781738263,0.0,0.044435122400491744,5,False,0.6471583843231201,0.9861286878585815
522,20.84,4,79.15220642089844,-60.155906677246136,0.0,0.8519441983331252,5,False,0.6521541476249695,0.8573680520057678
522,20.84,1,164.7987060546875,10.729713439941321,0.0,0.0377906354646832,5,False,0.6322878003120422,0.9741799235343933
523,20.88,4,76.30897521972656,-44.02126312255847,0.0,0.8967136533165257,5,False,0.6442068815231323,0.9046352505683899
523,20.88,1,163.61578369140625,-17.596969604492344,0.0,0.16808319568870644,5,False,0.6312506198883057,0.9910255074501038
524,20.92,1,164.26535034179688,15.542221069335913,0.0,0.5693227312470968,5,False,0.6323432922363281,0.9788718223571777
524,20.92,4,73.84795379638672,-53.99972915649411,0.0,0.9457543656698131,5,False,0.6217077374458313,0.9311279654502869
525,20.96,1,156.600830078125,-28.170089721680153,0.0,0.2858658947123347,5,False,0.6212507486343384,0.9356708526611328
525,20.96,4,70.88851165771484,-54.840450286865305,0.0,0.9437499513592521,5,False,0.5555715560913086,0.8804826736450195
526,21.0,1,170.90528869628906,12.99552917480423,0.0,0.026163306784547813,5,False,0.6342384219169617,0.9077221751213074
526,21.0,4,71.28693389892578,-52.87752151489257,0.0,0.9223832537814295,5,False,0.5403070449829102,0.8914035558700562
527,21.04,1,162.71429443359375,12.0923995971679,0.0,0.02258733377153288,5,False,0.623714029788971,0.9342953562736511
527,21.04,4,69.59632873535156,-39.965782165527365,0.0,0.888611366798704,5,False,0.5318893790245056,0.9034062623977661
528,21.08,1,170.18724060058594,44.89311218261681,0.0,0.23355226333453982,5,False,0.6227266788482666,0.9268978238105774
528,21.08,4,67.99979400634766,-32.471256256103736,0.0,0.8975383938545278,5,False,0.517033040523529,0.8888092041015625
529,21.12,1,170.16183471679688,66.00990295410135,0.0,0.4412711581827562,5,False,0.636323094367981,0.9776721000671387
529,21.12,4,65.44392395019531,-35.44078826904291,0.0,0.881865528516507,5,False,0.49953746795654297,0.8780198097229004
530,21.16,1,170.0550537109375,14.367675781249462,0.0,0.0705410388401454,5,False,0.6444776058197021,0.9890439510345459
530,21.16,4,63.35695266723633,-50.03091812133793,0.0,0.9920413746023629,5,False,0.515505313873291,0.899676501750946
531,21.2,1,168.80209350585938,30.108528137207013,0.0,0.3492912872227145,5,False,0.6229475140571594,0.9648324847221375
531,21.2,4,63.05645751953125,-44.30645942688,0.0,0.9566470884048599,5,False,0.5081285238265991,0.900800347328186
532,21.24,1,168.87307739257812,-9.97016906738286,0.0,0.7829430573511402,5,False,0.6328883767127991,0.9945396184921265
532,21.24,4,62.228450775146484,-34.825382232666016,0.0,0.8960729343242702,5,False,0.503892719745636,0.9040766358375549
533,21.28,1,165.66087341308594,-25.45974731445323,0.0,0.7827754327254287,5,False,0.6534668207168579,0.9421479105949402
533,21.28,4,60.60110092163086,-27.03536987304689,0.0,0.9405502425376752,5,False,0.49572837352752686,0.9317984580993652
534,21.32,1,165.33282470703125,-31.46419525146505,0.0,0.8854798269006529,5,False,0.6244291067123413,0.9764335751533508
534,21.32,4,59.93522644042969,-23.247022628784134,0.0,0.9507450357283187,5,False,0.49399393796920776,0.9106418490409851
535,21.36,1,164.98907470703125,-27.91572570800816,0.0,0.8305597016866337,5,False,0.6391996145248413,0.9907814860343933
535,21.36,4,62.08751678466797,-10.577764511108356,0.0,0.2745114702000704,5,False,0.4591129422187805,0.9197831749916077
536,21.4,1,164.47091674804688,-23.690299987793104,0.0,0.7430979425008839,5,False,0.6303502321243286,0.9917362332344055
536,21.4,4,61.318389892578125,-0.8342647552492157,0.0,0.0029213536460271916,5,False,0.4322866201400757,0.9514255523681641
537,21.44,1,164.35958862304688,-8.661193847656303,0.0,0.975244193936583,5,False,0.6296186447143555,0.9949739575386047
537,21.44,4,61.254356384277344,6.724185943603674,0.0,0.27466342942860367,5,False,0.4431212544441223,0.8859142661094666
538,21.48,1,162.3912353515625,-16.281661987304737,0.0,0.8129621573105478,5,False,0.6315758228302002,0.9788362979888916
538,21.48,4,59.9281005859375,-2.1185302734375995,0.0,0.02002485476478566,5,False,0.45328831672668457,0.8448629975318909
539,21.52,1,165.71974182128906,-1.5458679199220668,0.0,0.006237856815913934,5,False,0.642528235912323,0.9695745706558228
539,21.52,4,62.93681335449219,0.770759582519411,0.0,0.0019110878651684704,5,False,0.4495396316051483,0.834894061088562
540,21.56,1,162.8140411376953,-4.883995056152373,0.0,0.0523442052924562,5,False,0.6534671187400818,0.9598270058631897
540,21.56,4,62.38166046142578,9.522495269775371,0.0,0.2693959197472614,5,False,0.4359630048274994,0.9402662515640259
541,21.6,1,163.5519256591797,-2.9813003540042096,0.0,0.02028251986083962,5,False,0.6455405354499817,0.9756148457527161
541,21.6,4,59.668121337890625,-1.7972755432129703,0.0,0.006171524121499794,5,False,0.4071527421474457,0.8652936816215515
542,21.64,1,163.7057342529297,1.1529541015621652,0.0,0.003232856471761969,5,False,0.6322557330131531,0.9881821274757385
543,21.68,1,162.31004333496094,-14.81925964355467,0.0,0.5177617524771314,5,False,0.6454465985298157,0.9767682552337646
543,21.68,4,60.0208854675293,-6.840123356999682,0.0,0.11612308945912386,5,False,0.40692564845085144,0.7862656116485596
544,21.72,1,161.21783447265625,-11.085739135742335,0.0,0.47991470986537477,5,False,0.6832231879234314,0.9732283353805542
544,21.72,4,58.419029235839844,-20.824175102766265,0.0,0.8196935141636329,5,False,0.414298951625824,0.9347802400588989
545,21.76,1,162.9288787841797,-9.33498382568368,0.0,0.33764895404671713,5,False,0.6807228922843933,0.9812405705451965
546,21.8,1,161.13003540039062,-11.331405639648228,0.0,0.4190139215325709,5,False,0.6726150512695312,0.9628978371620178
547,21.84,1,164.7621307373047,12.040939331054693,0.0,0.26201644105360233,5,False,0.695711612701416,0.9525826573371887
548,21.88,1,163.48146057128906,15.901260375976292,0.0,0.4224301927307125,5,False,0.6718876957893372,0.9394696354866028
549,21.92,1,157.3799285888672,-21.866188049316843,0.0,0.23345747024218944,5,False,0.7044903039932251,0.9226611256599426
550,21.96,1,162.55551147460938,-11.328125000000112,0.0,0.06388549549052436,5,False,0.6880032420158386,0.9373142719268799
551,22.0,1,154.7166748046875,-52.54215240478515,0.0,0.5934518818689987,5,False,0.6928141713142395,0.9166237115859985
552,22.04,1,159.24716186523438,-27.829627990723136,0.0,0.23547758706531952,5,False,0.6997509598731995,0.930284321308136
553,22.08,1,158.06039428710938,-4.8685455322268725,0.0,0.011594691840051796,5,False,0.7245339751243591,0.9630059003829956
554,22.12,1,156.12405395507812,-23.797988891601506,0.0,0.24817838768923983,5,False,0.7138346433639526,0.9238545298576355
555,22.16,1,159.35952758789062,15.406494140624845,0.0,0.23066257707015703,5,False,0.7224651575088501,0.9285381436347961
556,22.2,1,160.98858642578125,11.95495605468765,0.0,0.17589008765895808,5,False,0.7099451422691345,0.9613491892814636
557,22.24,1,160.68096923828125,25.264205932616928,0.0,0.636125264900244,5,False,0.7204118967056274,0.9435726404190063
558,22.28,1,159.89947509765625,22.180709838866974,0.0,0.5196942703863258,5,False,0.707528293132782,0.9569862484931946
559,22.32,1,161.95855712890625,10.272369384765485,0.0,0.41892432764582654,5,False,0.711144745349884,0.9499521255493164
560,22.36,1,163.1892852783203,14.197463989257738,0.0,0.5011528858725005,5,False,0.699157178401947,0.9739482998847961
561,22.4,1,161.4808349609375,12.223854064941172,0.0,0.38070084743553634,5,False,0.6925604939460754,0.9652222990989685
562,22.44,1,158.3882598876953,-8.750381469727047,0.0,0.08767077137209067,5,False,0.6921831965446472,0.9699720144271851
563,22.48,1,158.19522094726562,-30.81924438476607,0.0,0.7601761193578933,5,False,0.714130163192749,0.9823998212814331
564,22.52,1,159.01483154296875,-29.086303710937578,0.0,0.7059119512327119,5,False,0.7016074657440186,0.9812096953392029
565,22.56,1,152.18020629882812,-44.93671417236322,0.0,0.6860339373463974,5,False,0.7065958976745605,0.9351984858512878
566,22.6,1,171.2032928466797,49.03762817382809,0.0,0.19906253123627615,5,False,0.704701840877533,0.8771712779998779
567,22.64,1,169.04705810546875,84.73033905029288,0.0,0.4519650183042355,5,False,0.7262827754020691,0.9737999439239502
568,22.68,1,169.79043579101562,96.04515075683567,0.0,0.536428513767345,5,False,0.7119417190551758,0.9859043955802917
569,22.72,1,168.0164031982422,75.64884185790974,0.0,0.37256327495871433,5,False,0.7199482321739197,0.9718344807624817
570,22.76,1,168.271240234375,-17.236900329589883,0.0,0.7173219143319493,5,False,0.7389698028564453,0.9567622542381287
571,22.8,1,168.03726196289062,-8.846969604492415,0.0,0.52682675970165,5,False,0.7393586039543152,0.9776106476783752
572,22.84,1,167.74612426757812,-10.16941070556667,0.0,0.6238551900132532,5,False,0.7275277972221375,0.9681401252746582
573,22.88,1,159.9226531982422,-41.781539916992315,0.0,0.5313844044653486,5,False,0.7230645418167114,0.9441683292388916
574,22.92,1,158.9009246826172,-67.13809967041013,0.0,0.8054100231737401,5,False,0.7317089438438416,0.9808610081672668
575,22.96,1,159.51324462890625,-64.7330856323246,0.0,0.7780224077927982,5,False,0.7324286699295044,0.9756799340248108
576,23.0,1,158.66421508789062,-46.43306732177774,0.0,0.5873686814107393,5,False,0.7445495128631592,0.9667646288871765
577,23.04,1,159.03147888183594,-5.047645568847607,0.0,0.3976975813263014,5,False,0.7556909322738647,0.9849755167961121
578,23.08,1,158.6605987548828,-2.4060440063477295,0.0,0.1884018436288778,5,False,0.7585107088088989,0.9707069993019104
579,23.12,1,157.64453125,-9.352607727050545,0.0,0.7412612335986356,5,False,0.7631160020828247,0.9726667404174805
580,23.16,1,159.11155700683594,-1.2306594848634056,0.0,0.017738937271149502,5,False,0.755249559879303,0.9776609539985657
581,23.2,1,157.4041290283203,-7.009353637695537,0.0,0.3105727199338565,5,False,0.7635012269020081,0.9826335906982422
582,23.24,1,157.6529541015625,-5.639228820801158,0.0,0.2282785461499015,5,False,0.7647177577018738,0.9754263758659363
583,23.28,1,157.498291015625,-4.377708435058633,0.0,0.1537516742424312,5,False,0.7547757625579834,0.9686789512634277
584,23.32,1,157.6320037841797,-7.1623611450196565,0.0,0.4104165302213605,5,False,0.7479976415634155,0.9777098894119263
585,23.36,1,158.10545349121094,3.4542465209957984,0.0,0.6563343661001557,5,False,0.7540032863616943,0.985561728477478
586,23.4,1,160.5306854248047,15.906562805175778,0.0,0.620892430228789,5,False,0.7479990124702454,0.971574068069458
587,23.44,1,159.86712646484375,19.090881347656232,0.0,0.762449193199705,5,False,0.7370848655700684,0.9643132090568542
588,23.48,1,161.25611877441406,22.524757385253643,7.159061294928048,0.8357823380216772,5,False,0.7475772500038147,0.9741439819335938
589,23.52,1,162.05511474609375,21.561889648437006,7.515812268236932,0.8236385898480114,5,False,0.748877763748169,0.9651650786399841
590,23.56,1,162.7060546875,16.3468170166016,9.953378356303736,0.8233753802710664,5,False,0.7589704394340515,0.9800698161125183
591,23.6,1,163.26422119140625,20.610313415527095,7.921481731006024,0.9630469846091279,5,False,0.7665590047836304,0.9822060465812683
592,23.64,1,163.27622985839844,13.123321533202915,12.441684785768468,0.9266940359194757,5,False,0.7631695866584778,0.9725425243377686
593,23.68,1,163.88211059570312,10.56041717529292,15.518526197915797,0.9407723209680797,5,False,0.761036217212677,0.9726132154464722
594,23.72,1,164.5846405029297,10.937652587890453,15.047528633808358,0.9340013296084332,5,False,0.7561668157577515,0.9934473037719727
595,23.76,1,165.69691467285156,15.434494018554462,10.735493789019598,0.9072421322287483,5,False,0.737346351146698,0.9764947891235352
596,23.8,1,166.0773162841797,18.542442321777425,8.956604173395643,0.9823223741720502,5,False,0.7406280636787415,0.9871063232421875
597,23.84,1,165.41513061523438,11.396789550781312,0.0,0.6587518312319356,5,False,0.7580234408378601,0.9810488224029541
598,23.88,1,165.06820678710938,1.7133712768550569,0.0,0.03566288299981857,5,False,0.7420757412910461,0.9796859622001648
599,23.92,1,165.038330078125,-5.8156967163087385,0.0,0.7023224982060738,5,False,0.719920814037323,0.9712681770324707
600,23.96,1,165.873291015625,-1.9621276855473195,0.0,0.07005681022105015,5,False,0.7251060009002686,0.9818045496940613
601,24.0,1,152.6754608154297,-61.6856384277345,0.0,0.4721568126339477,5,False,0.7018541693687439,0.9007489681243896
602,24.04,1,153.8180389404297,-87.15801239013665,0.0,0.6897732117163409,5,False,0.6999346613883972,0.9811102151870728
603,24.08,1,153.06658935546875,-89.99683380126947,0.0,0.7133690825362298,5,False,0.6983213424682617,0.9857985377311707
604,24.12,1,153.55770874023438,-60.6000900268555,0.0,0.46026356468140206,5,False,0.6954881548881531,0.9728095531463623
605,24.16,1,153.9694366455078,5.8190536499024335,0.0,0.4676646145936212,5,False,0.699180543422699,0.9918060302734375
606,24.2,1,153.7716064453125,2.024955749511663,0.0,0.13306034473623185,5,False,0.7003361582756042,0.9909845590591431
607,24.24,1,156.31922912597656,16.79794311523437,0.0,0.7048687162605065,5,False,0.6874815225601196,0.9725361466407776
608,24.28,1,153.49574279785156,5.564651489257781,0.0,0.08794252883638776,5,False,0.6894673109054565,0.9727940559387207
609,24.32,1,155.38375854492188,6.381950378417968,0.0,0.11096896262233347,5,False,0.6878640055656433,0.950249195098877
610,24.36,1,154.6451873779297,2.0292282104491983,0.0,0.012196468610458533,5,False,0.6882460713386536,0.9823506474494934
610,24.36,5,97.1792221069336,,0.0,,1,False,0.5521344542503357,0.0
611,24.4,1,154.64801025390625,-5.482482910156354,0.0,0.11059267736692668,5,False,0.6705088019371033,0.9758148789405823
611,24.4,5,99.69329071044922,,0.0,,2,False,0.5842006206512451,0.8254052400588989
612,24.44,1,150.10610961914062,-18.787536621093807,0.0,0.32133729353791585,5,False,0.6776633262634277,0.9596923589706421
612,24.44,5,98.52143859863281,,0.0,,3,False,0.5628635883331299,0.9471974968910217
613,24.48,1,150.2042236328125,-37.24536895751995,0.0,0.8131457891773703,5,False,0.6631568074226379,0.9863596558570862
613,24.48,5,95.91201782226562,,0.0,,4,False,0.5858435034751892,0.8717823028564453
614,24.52,1,148.63282775878906,-41.17126464843768,0.0,0.859996499351578,5,False,0.6662492752075195,0.9803204536437988
614,24.52,5,95.22442626953125,-19.227161407470547,0.0,0.43916332542593384,5,False,0.6098850965499878,0.9071812033653259
615,24.56,1,149.33157348632812,-30.26538848876954,0.0,0.6582651452056528,5,False,0.6703624129295349,0.986709713935852
615,24.56,5,93.09693908691406,-41.22428894042994,0.0,0.9768165525265464,5,False,0.6221783757209778,0.9232756495475769
616,24.6,1,165.71751403808594,75.87539672851555,0.0,0.43810744285665637,5,False,0.6768935322761536,0.8801985383033752
616,24.6,5,90.98155975341797,-44.737091064453196,0.0,0.9782996789672382,5,False,0.5985739827156067,0.8662034273147583
617,24.64,1,166.64723205566406,124.92675781249972,0.0,0.7342795885401912,5,False,0.657015860080719,0.9706422090530396
617,24.64,5,91.26136779785156,-33.86041641235353,0.0,0.9127333485661641,5,False,0.5546875596046448,0.908967137336731
618,24.68,1,151.61459350585938,58.19797515869136,0.0,0.16673819256646438,5,False,0.6622881293296814,0.8745383620262146
618,24.68,5,92.95652770996094,-15.928421020507777,0.0,0.3493876924964947,5,False,0.5962653160095215,0.9177396893501282
619,24.72,1,151.94906616210938,-22.16983795166042,0.0,0.02785008907717068,5,False,0.6598102450370789,0.987749457359314
619,24.72,5,93.49468231201172,6.926136016845634,0.0,0.14499695077994934,5,False,0.58187335729599,0.9163256883621216
620,24.76,1,154.55050659179688,-92.58045196533206,0.0,0.6133881001529241,5,False,0.6649860739707947,0.9690611958503723
620,24.76,5,94.73021697998047,24.326572418212706,3.894104576321582,0.9621825799621112,5,False,0.5547558665275574,0.9058547019958496
621,24.8,1,165.331787109375,0.7625579833982156,0.0,4.271491237928249e-05,5,False,0.6718272566795349,0.9134676456451416
621,24.8,5,90.75882720947266,1.9215202331542078,0.0,0.005552701965819806,5,False,0.6111219525337219,0.9016894698143005
622,24.84,1,164.82504272460938,99.5090484619138,1.6563824624219443,0.8381595702890805,5,False,0.6869047284126282,0.9913988709449768
622,24.84,5,87.85620880126953,-32.34123229980483,0.0,0.5710466632019425,5,False,0.6088371872901917,0.8556912541389465
623,24.88,1,165.09249877929688,91.40350341796815,0.0,0.7792320346487543,5,False,0.6843078136444092,0.9941620826721191
623,24.88,5,86.85722351074219,-50.372314453125114,0.0,0.8655781477780847,5,False,0.6104030013084412,0.9128595590591431
624,24.92,1,165.4141082763672,53.719787597656286,0.0,0.5109940692782461,5,False,0.7050690650939941,0.9821951389312744
624,24.92,5,84.55781555175781,-60.61601638793944,0.0,0.9551374263159526,5,False,0.5897366404533386,0.9166253209114075
625,24.96,1,164.2825164794922,-3.7736892700201135,0.0,0.2728982339071704,5,False,0.6929924488067627,0.9760631322860718
625,24.96,5,83.10822296142578,-46.49900436401388,0.0,0.9800350338601922,5,False,0.5423879027366638,0.9214941263198853
626,25.0,1,164.59725952148438,-3.1638717651367485,0.0,0.20983732310136183,5,False,0.7003833651542664,0.9689387083053589
626,25.0,5,83.06608581542969,-33.32311630249029,0.0,0.9310867530287223,5,False,0.5505696535110474,0.8786301612854004
627,25.04,1,164.70806884765625,-3.9642715454100936,0.0,0.32309534938662754,5,False,0.700668454170227,0.9720308780670166
627,25.04,5,81.91020202636719,-28.464431762695522,0.0,0.8965435432485576,5,False,0.5630882978439331,0.9028226733207703
628,25.08,1,165.91046142578125,3.5456466674803075,0.0,0.11421612895495292,5,False,0.6904750466346741,0.9765408635139465
628,25.08,5,81.0316390991211,-20.62593460083002,0.0,0.9515702201977719,5,False,0.5711731910705566,0.8502717018127441
629,25.12,1,163.57740783691406,-0.24253845214841654,0.0,0.0003274485854771747,5,False,0.7038629651069641,0.957133412361145
629,25.12,5,77.4857177734375,-33.1986427307129,0.0,0.8248171315670925,5,False,0.5265346765518188,0.911992073059082
630,25.16,1,163.8218536376953,-6.703681945800848,0.0,0.2145995205829222,5,False,0.7006790637969971,0.9904119968414307
630,25.16,5,77.15225982666016,-40.63034057617199,0.0,0.9280214790381033,5,False,0.5353421568870544,0.9474029541015625
631,25.2,1,164.77474975585938,-4.8881149291996575,0.0,0.11237058370755482,5,False,0.6864327192306519,0.9797195196151733
631,25.2,5,76.25370025634766,-37.98095703124985,0.0,0.9025103812389359,5,False,0.5143625736236572,0.903464138507843
632,25.24,1,165.96051025390625,3.243598937988193,0.0,0.03345526129371679,5,False,0.6817018985748291,0.966782808303833
632,25.24,5,76.50930786132812,-25.691699981689396,0.0,0.7062156047291817,5,False,0.5165086388587952,0.9257757067680359
633,25.28,1,166.1014404296875,17.966804504394215,9.244907205900937,0.942235508407804,5,False,0.6591657400131226,0.980532169342041
633,25.28,5,73.51338195800781,-21.46905899047859,0.0,0.7468174205250295,5,False,0.4825686514377594,0.8544129729270935
634,25.32,1,165.93946838378906,13.904800415038697,0.0,0.7838812029597055,5,False,0.6859989166259766,0.9783479571342468
634,25.32,5,74.35710144042969,-20.826587677002056,0.0,0.726447652228942,5,False,0.46079105138778687,0.9053442478179932
635,25.36,1,166.45523071289062,8.349800109863127,0.0,0.6946572029711758,5,False,0.6721373200416565,0.9870791435241699
635,25.36,5,73.90262603759766,-17.13588714599621,0.0,0.6154076524932994,5,False,0.45687246322631836,0.9669696688652039
636,25.4,1,166.02487182617188,1.206283569335585,0.0,0.1315402325949071,5,False,0.6694501042366028,0.9924275875091553
636,25.4,5,75.34981536865234,-4.824352264404495,0.0,0.06361503386349332,5,False,0.44185853004455566,0.8324407339096069
637,25.44,1,166.35256958007812,1.4691543579101172,0.0,0.17848791778018536,5,False,0.676152765750885,0.9702421426773071
637,25.44,5,71.06575012207031,-9.756374359130803,0.0,0.15005643535947522,5,False,0.4626041352748871,0.8219549655914307
638,25.48,1,165.9757843017578,-0.07507324218782728,0.0,0.0004016186182330683,5,False,0.6884258985519409,0.9841006398200989
638,25.48,5,71.00609588623047,-23.84721755981449,0.0,0.5758079082774986,5,False,0.46457037329673767,0.9060499668121338
639,25.52,1,166.26614379882812,-1.0681533813478434,0.0,0.10575094342923885,5,False,0.7036837935447693,0.987017035484314
639,25.52,5,69.22193908691406,-34.26273345947264,0.0,0.7710616236941159,5,False,0.453237920999527,0.8297094106674194
640,25.56,1,165.7217254638672,-1.7317962646486895,0.0,0.19155249785500128,5,False,0.7089353799819946,0.9517666101455688
640,25.56,5,68.00004577636719,-41.358375549316435,0.0,0.8811104312169014,5,False,0.416291207075119,0.9454481601715088
641,25.6,1,165.2083740234375,-6.3561248779299735,0.0,0.7563558154083443,5,False,0.7032111883163452,0.9761784672737122
642,25.64,1,165.8219757080078,-3.413467407226754,0.0,0.3082404256411694,5,False,0.7116268873214722,0.9778515696525574
643,25.68,1,165.54507446289062,-3.3547210693359975,0.0,0.2997282652105826,5,False,0.7388721108436584,0.9945150017738342
644,25.72,1,165.38758850097656,-0.8289337158203316,0.0,0.04474262375326754,5,False,0.7269760966300964,0.9915733933448792
644,25.72,5,67.140625,-14.807447668624306,0.0,0.8270072155317115,5,False,0.4130879342556,0.8383453488349915
645,25.76,1,166.73358154296875,6.540069580078014,0.0,0.4756669855812713,5,False,0.7257193326950073,0.9842802286148071
645,25.76,5,66.82725524902344,-12.352131322487216,0.0,0.8110060838355523,5,False,0.40483570098876953,0.8911778330802917
646,25.8,1,167.34426879882812,10.58273315429671,0.0,0.6353628373444029,5,False,0.7202238440513611,0.9887826442718506
647,25.84,1,164.79733276367188,1.1529922485350848,0.0,0.004871539244378886,5,False,0.7295414805412292,0.9764856100082397
648,25.88,1,167.70021057128906,6.722488403319913,0.0,0.11501552663376513,5,False,0.7156047224998474,0.9732264280319214
648,25.88,5,64.29379272460938,-11.733816661973874,0.0,0.910167235520784,5,False,0.43001848459243774,0.7166647911071777
649,25.92,1,165.4148712158203,-5.703697204590142,0.0,0.0835165845043222,5,False,0.7357138395309448,0.9540069103240967
649,25.92,5,64.2763671875,-11.44764967790747,0.0,0.9019392317350595,5,False,0.4431954622268677,0.8357580900192261
650,25.96,1,166.25489807128906,-3.9030075073241637,0.0,0.039992327099326874,5,False,0.7254095673561096,0.970818281173706
650,25.96,5,65.53704833984375,-10.47922675289324,0.0,0.6414693835155396,5,False,0.4774799048900604,0.9319542050361633
651,26.0,1,165.97457885742188,2.2729492187498166,0.0,0.017434961551090145,5,False,0.7268678545951843,0.979465901851654
651,26.0,5,65.48477935791016,-5.340223492316521,0.0,0.2158343728755504,5,False,0.44830405712127686,0.9559721946716309
652,26.04,1,167.103759765625,-1.5829849243167848,0.0,0.01208309878058389,5,False,0.7315627336502075,0.9852619171142578
652,26.04,5,67.04286193847656,16.766376495361104,3.9986494372845485,0.867536781259373,5,False,0.4524866044521332,0.9433350563049316
653,26.08,1,167.55438232421875,12.81970977783174,13.07006049496996,0.8817698103757309,5,False,0.7138418555259705,0.963345468044281
653,26.08,5,64.19131469726562,3.3392715454099777,0.0,0.03301047748236574,5,False,0.420040488243103,0.9278584122657776
654,26.12,1,165.4407958984375,-0.12100219726597716,0.0,7.999702324368307e-05,5,False,0.7278265357017517,0.9827458262443542
655,26.16,1,164.6464385986328,-10.79811096191403,0.0,0.3286679422258004,5,False,0.7161627411842346,0.9858179688453674
656,26.2,1,163.6383514404297,-24.596900939941627,0.0,0.8934826798208897,5,False,0.701110303401947,0.9631759524345398
657,26.24,1,162.74734497070312,-28.541297912597656,0.0,0.9595242313091069,5,False,0.6920502781867981,0.9679626822471619
658,26.28,1,160.6702423095703,-28.600502014160465,0.0,0.9589056260710233,5,False,0.6913111209869385,0.9716904759407043
659,26.32,1,159.993896484375,-30.68298339843763,0.0,0.974102558580189,5,False,0.7161611914634705,0.9846713542938232
660,26.36,1,159.8654022216797,-25.74836730957044,0.0,0.9075072422777171,5,False,0.7050840854644775,0.9778935313224792
661,26.4,1,160.55445861816406,-12.976531982421863,0.0,0.5001508495847685,5,False,0.7028659582138062,0.9559098482131958
662,26.44,1,168.5075225830078,40.587806701660064,0.0,0.4813943392021054,5,False,0.6945638656616211,0.941487729549408
663,26.48,1,167.62716674804688,59.771652221679616,0.0,0.7510797446321158,5,False,0.7132688760757446,0.9898738265037537
664,26.52,1,167.2252197265625,54.480857849120895,0.0,0.6785783792864234,5,False,0.7073281407356262,0.9851419925689697
665,26.56,1,166.4834747314453,26.43932342529289,0.0,0.27758516596083227,5,False,0.7066017389297485,0.9753779172897339
666,26.6,1,160.96592712402344,-40.56720733642611,0.0,0.7338442744762342,5,False,0.6918418407440186,0.9629075527191162
667,26.64,1,160.18177795410156,-52.87517547607424,0.0,0.855685990360497,5,False,0.6987274289131165,0.9776678681373596
668,26.68,1,161.23182678222656,-45.72120666503914,0.0,0.7439828154957356,5,False,0.7134684324264526,0.9877619743347168
669,26.72,1,161.65823364257812,-23.461456298828214,0.0,0.35046837521242713,5,False,0.7009068131446838,0.9717144966125488
670,26.76,1,164.6951904296875,22.33745574951152,0.0,0.663893719261841,5,False,0.6951090097427368,0.9782391786575317
671,26.8,1,167.06788635253906,43.08895111083942,3.8772790250285674,0.9201319631250913,5,False,0.6791103482246399,0.9644376039505005
672,26.84,1,165.67176818847656,35.7238388061524,0.0,0.7909601194043743,5,False,0.7096812725067139,0.9838916659355164
673,26.88,1,165.46250915527344,21.462821960449,0.0,0.45603107952374256,5,False,0.6987365484237671,0.9664067625999451
674,26.92,1,165.20974731445312,-1.4406585693363092,0.0,0.010550821979268932,5,False,0.7038965225219727,0.9802225232124329
675,26.96,1,165.8242950439453,-7.373008728027651,0.0,0.41902794873844995,5,False,0.689706563949585,0.9776997566223145
676,27.0,1,165.02804565429688,-2.3141479492190293,0.0,0.2017882011452521,5,False,0.7000142931938171,0.963422954082489
677,27.04,1,166.59719848632812,5.219192504882302,0.0,0.28299817748695055,5,False,0.6878524422645569,0.9763652682304382
678,27.08,1,167.38279724121094,12.79750823974593,0.0,0.6773758304812185,5,False,0.7022485733032227,0.9775553345680237
679,27.12,1,167.1333770751953,12.432289123535144,0.0,0.6583963593191688,5,False,0.6986148953437805,0.9794941544532776
680,27.16,1,167.2368927001953,12.384681701659952,0.0,0.655240635602794,5,False,0.6875760555267334,0.9801720976829529
681,27.2,1,167.87718200683594,6.0351562500000355,0.0,0.6849562164180842,5,False,0.6769999861717224,0.9840027093887329
682,27.24,1,167.74053955078125,3.648223876953041,0.0,0.5141786359962037,5,False,0.6719293594360352,0.9535664319992065
683,27.28,1,167.81727600097656,4.678611755371075,0.0,0.7209507730307937,5,False,0.6850793957710266,0.985441267490387
684,27.32,1,166.2389373779297,-5.139541625976567,0.0,0.22351530999866243,5,False,0.6850616335868835,0.9816839694976807
685,27.36,1,170.3263702392578,8.491935729980561,0.0,0.13371073117651167,5,False,0.6669883728027344,0.9451824426651001
686,27.4,1,169.9671630859375,17.405853271484215,0.0,0.4175239811620728,5,False,0.7117279171943665,0.9902004599571228
687,27.44,1,170.59158325195312,23.192100524902255,0.0,0.6039530015366323,5,False,0.6998901963233948,0.9678415060043335
688,27.48,1,169.90846252441406,19.010658264159687,0.0,0.44998648586880896,5,False,0.6843026876449585,0.9737191200256348
689,27.52,1,167.20384216308594,-15.759391784668255,0.0,0.5310789991056186,5,False,0.7215266227722168,0.9386779069900513
690,27.56,1,160.90609741210938,-53.77468109130877,0.0,0.7142169353331383,5,False,0.733305811882019,0.9587902426719666
691,27.6,1,166.59384155273438,-42.49462127685551,0.0,0.49227235170295947,5,False,0.7124990224838257,0.9507188200950623
692,27.64,1,166.51608276367188,-18.486900329590114,0.0,0.12705767525416212,5,False,0.6968632340431213,0.939680814743042
693,27.68,1,170.23324584960938,29.171981811523082,0.0,0.29916140976531524,5,False,0.7060503363609314,0.9080489277839661
694,27.72,1,168.01837158203125,44.6598815917968,0.0,0.6713726448335882,5,False,0.6854633092880249,0.9013412594795227
695,27.76,1,166.8303985595703,4.938507080077865,0.0,0.03949144809764449,5,False,0.7112348675727844,0.9518226981163025
696,27.8,1,164.62686157226562,-17.95322418212906,0.0,0.301838861886767,5,False,0.6903931498527527,0.9264829158782959
697,27.84,1,168.14695739746094,-18.910217285156047,0.0,0.3398424661314391,5,False,0.7242199778556824,0.9315788149833679
698,27.88,1,166.27996826171875,-5.400619506836077,0.0,0.05628793324363068,5,False,0.695852518081665,0.9403835535049438
699,27.92,1,167.19131469726562,5.937347412109288,0.0,0.08306374616933987,5,False,0.6709978580474854,0.9760358333587646
700,27.96,1,163.86434936523438,-6.201667785644902,0.0,0.049029024898020745,5,False,0.6608794927597046,0.9663741588592529
701,28.0,1,164.97946166992188,-21.876525878906158,0.0,0.6563316459999402,5,False,0.677040696144104,0.9453812837600708
702,28.04,1,163.1845703125,-21.00662231445322,0.0,0.643253564486247,5,False,0.6728624105453491,0.9518526196479797
703,28.08,1,165.5977783203125,-9.667129516601845,0.0,0.15354137991298555,5,False,0.6830121874809265,0.9716402292251587
704,28.12,1,164.5996551513672,5.222320556640425,0.0,0.1224256373178999,5,False,0.6776594519615173,0.9773456454277039
705,28.16,1,166.7357177734375,12.318992614746104,0.0,0.35578698294064903,5,False,0.6812500953674316,0.955001950263977
706,28.2,1,163.89508056640625,6.397399902343728,0.0,0.0833957396942433,5,False,0.6782897114753723,0.9435767531394958
707,28.24,1,169.06251525878906,15.562248229980488,0.0,0.23525348874778051,5,False,0.6433166861534119,0.9449461102485657
708,28.28,1,167.64004516601562,21.01894378662086,0.0,0.38723524299165224,5,False,0.6741622090339661,0.9466798305511475
709,28.32,1,164.94290161132812,0.39833068847645997,0.0,0.00014827078402290805,5,False,0.7101904153823853,0.9130444526672363
710,28.36,1,165.84454345703125,-0.5517196655275695,0.0,0.0002822165204559024,5,False,0.7011200189590454,0.9636270403862
711,28.4,1,162.98646545410156,-34.869003295898366,0.0,0.8744603949328627,5,False,0.7159552574157715,0.9487894177436829
712,28.44,1,159.36424255371094,-46.27010345459013,0.0,0.8577045705868043,5,False,0.7104027271270752,0.9509971141815186
713,28.48,1,160.20855712890625,-39.872474670410185,0.0,0.7867765346521763,5,False,0.7201219797134399,0.9494426846504211
714,28.52,1,161.39207458496094,-29.207115173339865,0.0,0.5195350517973654,5,False,0.7131665349006653,0.9695171117782593
715,28.56,1,161.4113006591797,-2.8062438964845318,0.0,0.016700434813496146,5,False,0.7423906922340393,0.9531883001327515
716,28.6,1,162.1299591064453,16.8354415893553,9.630276595118046,0.9344553467828385,5,False,0.725163996219635,0.9890058040618896
717,28.64,1,161.52700805664062,8.436965942382502,0.0,0.5850289775632629,5,False,0.7428675293922424,0.9752718806266785
718,28.68,1,160.94454956054688,-1.948356628418212,0.0,0.08391365405654794,5,False,0.7464209198951721,0.990557849407196
719,28.72,1,161.59600830078125,-2.039985656738422,0.0,0.09237353963761297,5,False,0.7463802099227905,0.9671292304992676
720,28.76,1,161.69866943359375,-1.9839477539065284,0.0,0.08705710158619506,5,False,0.7461000084877014,0.9826498627662659
721,28.8,1,161.91702270507812,3.8353729248045254,0.0,0.4481938269334643,5,False,0.7359699010848999,0.9790346026420593
722,28.84,1,162.44375610351562,8.29856872558575,19.57491243070348,0.9339432720317103,5,False,0.7433258891105652,0.9781606793403625
723,28.88,1,160.08718872070312,-5.681381225586094,0.0,0.1667293977722093,5,False,0.7473049163818359,0.9689318537712097
724,28.92,1,160.8075714111328,-9.030075073242454,0.0,0.3706499421833517,5,False,0.7395187616348267,0.9908111095428467
725,28.96,1,161.6951446533203,-5.199851989746126,0.0,0.12297866536076973,5,False,0.7393568754196167,0.9777923226356506
726,29.0,1,159.6188201904297,-10.104789733886786,0.0,0.3070064041640612,5,False,0.7094358801841736,0.9067839980125427
727,29.04,1,162.1456756591797,7.320556640624764,0.0,0.1909536674666974,5,False,0.7220369577407837,0.9602832794189453
728,29.08,1,159.68026733398438,-4.510192871093985,0.0,0.061869031254855655,5,False,0.7298650741577148,0.9732657074928284
729,29.12,1,163.26129150390625,7.98435211181625,0.0,0.10033506521063495,5,False,0.7206908464431763,0.9690021276473999
730,29.16,1,160.6279296875,7.834587097167974,0.0,0.09636392398844074,5,False,0.7293602228164673,0.921614944934845
731,29.2,1,159.61941528320312,-10.262145996094022,0.0,0.16536060811738984,5,False,0.7525022625923157,0.9845775365829468
732,29.24,1,159.8544158935547,-8.233947753906515,0.0,0.11483593176920182,5,False,0.7467509508132935,0.9842901825904846
733,29.28,1,158.6776885986328,-24.8517990112306,0.0,0.815871819132131,5,False,0.7253351211547852,0.9441596865653992
734,29.32,1,152.53443908691406,-42.82176971435547,0.0,0.6830433432232277,5,False,0.7522850036621094,0.9185537099838257
735,29.36,1,152.48251342773438,-53.98445129394533,0.0,0.8109177129629683,5,False,0.769921600818634,0.9858068823814392
736,29.4,1,151.51185607910156,-57.20073699951192,0.0,0.8488323918045955,5,False,0.7577317953109741,0.9816252589225769
737,29.44,1,152.69476318359375,-32.47108459472696,0.0,0.5059216745930493,5,False,0.7550931572914124,0.990243673324585
738,29.48,1,152.5914306640625,0.8155822753903548,0.0,0.011439332818947046,5,False,0.7689744830131531,0.9786860346794128
739,29.52,1,153.1377410888672,5.975074768066307,0.0,0.3999035072457867,5,False,0.7709841728210449,0.9774943590164185
740,29.56,1,152.85287475585938,7.8125381469724156,0.0,0.6352558286030502,5,False,0.7771140336990356,0.9901130795478821
741,29.6,1,152.40509033203125,-0.7947540283201774,0.0,0.032902222252701896,5,False,0.7734915614128113,0.9776086807250977
742,29.64,1,152.52439880371094,-2.1667861938475577,0.0,0.21801788403663236,5,False,0.7827980518341064,0.9747260212898254
743,29.68,1,151.06991577148438,-11.160316467285453,0.0,0.786453060384654,5,False,0.786172091960907,0.9717331528663635
744,29.72,1,149.99136352539062,-17.645492553711247,0.0,0.8591212742284442,5,False,0.7953589558601379,0.9629575610160828
745,29.76,1,151.26516723632812,-12.03220367431671,0.0,0.5297288375328291,5,False,0.8061898946762085,0.9865820407867432
746,29.8,1,150.55174255371094,-9.375152587890554,0.0,0.3922874517397279,5,False,0.7893654704093933,0.947790265083313
747,29.84,1,148.48056030273438,-11.545829772949306,0.0,0.4274929737964831,5,False,0.7922278046607971,0.985901415348053
748,29.88,1,147.90103149414062,-17.413177490234684,0.0,0.6091642194069944,5,False,0.7855720520019531,0.9868934154510498
749,29.92,1,149.35467529296875,-16.179237365723164,0.0,0.5343228156701902,5,False,0.7872784733772278,0.9622933268547058
750,29.96,1,148.0862579345703,-10.142135620117594,0.0,0.34518732294824095,5,False,0.7901603579521179,0.9800438284873962
751,30.0,1,145.82977294921875,-12.790870666504121,0.0,0.3867177457666072,5,False,0.7921326756477356,0.9815900921821594
752,30.04,1,145.07420349121094,-22.946395874023313,0.0,0.6847058759590803,5,False,0.7899870872497559,0.9796651601791382
753,30.08,1,144.3595733642578,-32.505645751953196,0.0,0.9540264420205414,5,False,0.7819678783416748,0.9817873239517212
754,30.12,1,145.3812255859375,-17.200660705566346,0.0,0.5924382619180615,5,False,0.7923334240913391,0.9891527891159058
755,30.16,1,144.76658630371094,-4.548377990722665,0.0,0.2606028525695866,5,False,0.7795330882072449,0.9752740263938904
756,30.2,1,144.70462036132812,-0.8303833007811537,0.0,0.018362634922034715,5,False,0.7810103297233582,0.9692502021789551
757,30.24,1,143.55645751953125,-5.707092285156367,0.0,0.2919399885023368,5,False,0.7843537330627441,0.9718502759933472
758,30.28,1,143.36256408691406,-13.118629455566378,0.0,0.9279503398181009,5,False,0.7889570593833923,0.9640048146247864
759,30.32,1,141.5009002685547,-19.683570861816406,0.0,0.8801482941859925,5,False,0.7835543751716614,0.9566550850868225
760,30.36,1,140.73794555664062,-24.972267150878686,0.0,0.9546120145722857,5,False,0.7700802683830261,0.9653809070587158
761,30.4,1,141.55686950683594,-16.559486389160448,0.0,0.7059230475171843,5,False,0.7871417999267578,0.9743015170097351
762,30.44,1,140.7616424560547,-12.864685058593906,0.0,0.5803188793242312,5,False,0.7847949862480164,0.953643262386322
763,30.48,1,139.25144958496094,-11.18801116943379,0.0,0.5788060723367774,5,False,0.7763352990150452,0.9795616865158081
764,30.52,1,137.9388427734375,-19.759063720703363,0.0,0.7485572999151014,5,False,0.7617291808128357,0.9794700145721436
765,30.56,1,134.3477783203125,-43.1024551391603,0.0,0.9227991989391713,5,False,0.7593309283256531,0.963408350944519
766,30.6,1,132.9563751220703,-51.28551483154324,0.0,0.9680440016533425,5,False,0.7598699927330017,0.9830562472343445
767,30.64,1,133.15945434570312,-42.9161453247072,0.0,0.8851491548539657,5,False,0.772310733795166,0.9801270365715027
768,30.68,1,129.76870727539062,-43.821487426757685,0.0,0.8863196671777291,5,False,0.7662402987480164,0.9535331130027771
769,30.72,1,127.40398406982422,-42.68814086914084,0.0,0.8901189685159532,5,False,0.7527822256088257,0.9559774994850159
770,30.76,1,127.1098403930664,-43.621349334716946,0.0,0.8997756110802791,5,False,0.7281893491744995,0.9662408232688904
771,30.8,1,127.02684020996094,-37.310237884521676,0.0,0.7997760784242289,5,False,0.7012715935707092,0.9659931063652039
772,30.84,1,126.5653305053711,-16.95974349975579,0.0,0.7215758409144061,5,False,0.6992959380149841,0.9781297445297241
773,30.88,1,126.8619613647461,-4.071388244628464,0.0,0.6910794552927787,5,False,0.709737241268158,0.9666371941566467
774,30.92,1,126.11137390136719,-5.404529571533407,0.0,0.7086404775406158,5,False,0.6893427968025208,0.9496944546699524
775,30.96,1,125.96923828125,-6.422901153564825,0.0,0.780818790957204,5,False,0.705930769443512,0.9711833596229553
776,31.0,1,125.6231689453125,-6.942615509032956,0.0,0.8016093584090831,5,False,0.7082197666168213,0.9710526466369629
777,31.04,1,126.39581298828125,-3.5512542724610743,0.0,0.23191270134487119,5,False,0.7181891798973083,0.9793683290481567
778,31.08,1,125.97979736328125,0.4085540771483134,0.0,0.00858271702963942,5,False,0.6967854499816895,0.960491955280304
779,31.12,1,120.75991821289062,-25.155029296874915,0.0,0.4560636802342998,5,False,0.6628976464271545,0.9424112439155579
780,31.16,1,119.5002670288086,-44.70424652099628,0.0,0.7535409115352293,5,False,0.6712351441383362,0.9769733548164368
781,31.2,1,121.30279541015625,-41.66391372680681,0.0,0.6886366360237615,5,False,0.6937947273254395,0.9278932809829712
782,31.24,1,118.02183532714844,-38.43261718750012,0.0,0.656426174017146,5,False,0.6617130637168884,0.9466484785079956
783,31.28,1,115.54991149902344,-29.746112823486285,0.0,0.6582729249432535,5,False,0.6502612829208374,0.969556450843811
784,31.32,1,116.02815246582031,-31.742782592773573,0.0,0.7003825037303004,5,False,0.6400834321975708,0.9703255891799927
785,31.36,1,113.73123931884766,-42.841987609862954,0.0,0.8828605316806308,5,False,0.6446147561073303,0.9523089528083801
786,31.4,1,112.98580169677734,-29.7268486022953,0.0,0.8942561378268574,5,False,0.6216824650764465,0.9535670280456543
787,31.44,1,113.6948471069336,-16.881198883056285,0.0,0.6591305224876474,5,False,0.6197004318237305,0.9593604207038879
788,31.48,1,111.79910278320312,-21.23622894287131,0.0,0.7570564525409157,5,False,0.6106723546981812,0.9580725431442261
789,31.52,1,109.86800384521484,-22.282924652099567,0.0,0.7521150725749627,5,False,0.6001238226890564,0.9635246396064758
790,31.56,1,109.20187377929688,-28.486747741699507,0.0,0.8622188091445414,5,False,0.5961244106292725,0.968216598033905
791,31.6,1,109.18152618408203,-29.059677124023658,0.0,0.8769413182595553,5,False,0.6053898334503174,0.9235389232635498
792,31.64,1,104.14249420166016,-39.999237060546854,0.0,0.7968015768929115,5,False,0.5973904132843018,0.934517502784729
793,31.68,1,102.9442138671875,-47.267398834228885,0.0,0.8426075643789956,5,False,0.5924320816993713,0.9523824453353882
794,31.72,1,103.45429992675781,-44.33115005493171,0.0,0.7978391438028372,5,False,0.6017335057258606,0.9747849702835083
795,31.76,1,103.02008819580078,-32.5276756286621,0.0,0.6103364848596593,5,False,0.5947098731994629,0.9752240180969238
796,31.8,1,102.9861831665039,-5.591869354247932,0.0,0.482651885798559,5,False,0.599757194519043,0.9803125262260437
797,31.84,1,102.044189453125,-5.6704139709473695,0.0,0.48399352748959257,5,False,0.5918579697608948,0.9737161993980408
798,31.88,1,103.36933135986328,-2.8645896911620983,0.0,0.1047175375234154,5,False,0.5969448685646057,0.974888265132904
799,31.92,1,103.33834838867188,2.5491714477538068,0.0,0.09014783956901462,5,False,0.6077722907066345,0.9300863742828369
800,31.96,1,102.7359848022461,1.9844055175780597,0.0,0.05343886402389253,5,False,0.602882981300354,0.9289305210113525
800,31.96,5,67.5685806274414,0.3356196175250262,0.0,0.43608999639363955,5,False,0.42030084133148193,0.5253570675849915
801,32.0,1,103.02592468261719,3.3253097534176996,0.0,0.14898110999027236,5,False,0.5975803136825562,0.970557689666748
801,32.0,5,70.59711456298828,0.5910386637466044,0.0,0.6308885288182153,5,False,0.4152858555316925,0.9276655316352844
802,32.04,1,103.39156341552734,-0.6698989868165738,0.0,0.02200726634253314,5,False,0.6096936464309692,0.9912599921226501
802,32.04,5,68.60206604003906,0.5560581354355927,0.0,0.5973754678573424,5,False,0.4050144851207733,0.9138315320014954
803,32.08,1,101.84403228759766,-5.832633972167916,0.0,0.3431513862290828,5,False,0.5868955254554749,0.9700528383255005
804,32.12,6,102.62638092041016,,0.0,,1,False,0.7480896711349487,0.0
804,32.12,1,101.08031463623047,-11.233081817627152,0.0,0.5707461645367584,5,False,0.5756474733352661,0.9863346219062805
804,32.12,5,61.213844299316406,0.4480168403440192,0.0,0.10229643383638587,5,False,0.4153202176094055,0.8755089640617371
805,32.16,6,99.06912994384766,,0.0,,2,False,0.7661635875701904,0.8556592464447021
805,32.16,1,99.35863494873047,-24.11457061767599,0.0,0.8862686928017423,5,False,0.582691490650177,0.9741042256355286
805,32.16,5,58.96842956542969,-54.04260546662096,0.0,0.7969404081923953,5,False,0.40095239877700806,0.9538624286651611
806,32.2,6,98.08541870117188,,0.0,,3,False,0.7381218075752258,0.9499806761741638
806,32.2,1,99.39425659179688,-26.200027465820252,0.0,0.9379248250689189,5,False,0.5957876443862915,0.8981255292892456
807,32.24,6,95.31996154785156,,0.0,,4,False,0.6806622743606567,0.8501554727554321
807,32.24,1,96.74457550048828,-29.71242904663097,0.0,0.9145245201563785,5,False,0.5938464403152466,0.9459267258644104
808,32.28,6,91.34840393066406,-65.76280593872058,0.0,0.9683365549598809,5,False,0.6235228776931763,0.8883439898490906
808,32.28,1,95.64131164550781,-33.73016357421873,0.0,0.936745000972992,5,False,0.5829092860221863,0.9374372363090515
809,32.32,6,89.89356994628906,-62.7203369140626,0.0,0.9644676638887869,5,False,0.6385636329650879,0.8878054022789001
809,32.32,1,97.4404067993164,-18.973503112793026,0.0,0.5314177874382158,5,False,0.5977810025215149,0.9802613854408264
810,32.36,6,86.59294891357422,-71.0283279418946,0.0,0.9862636342315272,5,False,0.6580709218978882,0.8678044080734253
810,32.36,1,97.18875122070312,-9.287948608398455,0.0,0.1846224598055558,5,False,0.6006092429161072,0.9829539656639099
811,32.4,6,87.26731872558594,-52.151851654052855,0.0,0.8850072652217231,5,False,0.6382346153259277,0.8511331677436829
811,32.4,1,94.79012298583984,-5.903663635253974,0.0,0.11191026789444114,5,False,0.5803164839744568,0.9659304022789001
812,32.44,6,85.64375305175781,-35.08888244628911,0.0,0.8657436238461995,5,False,0.6226866245269775,0.8869966864585876
812,32.44,1,93.84950256347656,-15.584754943847578,0.0,0.41047642330953704,5,False,0.5692307353019714,0.9805935025215149
813,32.48,6,84.4573974609375,-29.553852081298874,0.0,0.8392355251849144,5,False,0.6349390149116516,0.9333695769309998
813,32.48,1,93.69921875,-27.05406188964849,0.0,0.8986612696625769,5,False,0.5623048543930054,0.9109733700752258
814,32.52,6,81.17771911621094,-34.10095214843762,0.0,0.8092022198946711,5,False,0.6511358022689819,0.8809071183204651
814,32.52,1,93.96923828125,-18.824825286865234,0.0,0.6701377337217158,5,False,0.5755671262741089,0.9880063533782959
815,32.56,6,80.78024291992188,-43.60046386718752,0.0,0.955640547638117,5,False,0.6357229351997375,0.8667045831680298
815,32.56,1,94.003662109375,-3.632965087890581,0.0,0.2937326689490076,5,False,0.5497148633003235,0.9766058325767517
816,32.6,6,76.80327606201172,-53.39527130126968,0.0,0.9458823809369175,5,False,0.6409493684768677,0.868279755115509
816,32.6,1,93.75946807861328,0.3109359741208662,0.0,0.02256014954771768,5,False,0.5706132650375366,0.8985804319381714
817,32.64,6,74.87509155273438,-58.84763717651386,0.0,0.9616037106461088,5,False,0.609925389289856,0.8430966734886169
817,32.64,1,92.46273803710938,-6.706829071045042,0.0,0.4427084920522185,5,False,0.575790286064148,0.9807173013687134
818,32.68,6,73.44137573242188,-53.444595336914055,0.0,0.9501694260904618,5,False,0.6246171593666077,0.8899466395378113
818,32.68,1,95.07859802246094,1.6944885253906061,0.0,0.013201861929804215,5,False,0.5674814581871033,0.9263847470283508
819,32.72,6,71.87135314941406,-52.94919967651372,0.0,0.9471623341894915,5,False,0.6060014367103577,0.9352546334266663
819,32.72,1,92.060791015625,-6.416530609130922,0.0,0.11059205605659717,5,False,0.5824390649795532,0.9269071817398071
820,32.76,6,69.17876434326172,-45.6319046020508,0.0,0.9863421869671497,5,False,0.6061967015266418,0.8653008937835693
820,32.76,1,92.67440032958984,-6.430206298828185,0.0,0.11100976725706524,5,False,0.5759667754173279,0.9853189587593079
821,32.8,6,67.87516784667969,-45.65614700317393,0.0,0.9863791981537743,5,False,0.600769579410553,0.874037504196167
821,32.8,1,91.24282836914062,-12.110042572021612,0.0,0.2845375444521352,5,False,0.5739686489105225,0.9727973341941833
822,32.84,6,64.44975280761719,-54.94857788085936,0.0,0.9796597572081882,5,False,0.560038685798645,0.8905982375144958
822,32.84,1,93.92769622802734,-7.799415588379048,0.0,0.10514231145662511,5,False,0.5582829117774963,0.9549176096916199
823,32.88,1,90.75702667236328,-3.385581970214858,0.0,0.029556088261615265,5,False,0.576142430305481,0.9426557421684265
823,32.88,6,63.6053466796875,-53.15256118774429,0.0,0.9724015067682651,5,False,0.5357810258865356,0.9024012684822083
824,32.92,1,89.93768310546875,-14.898090362548928,0.0,0.35106184394392104,5,False,0.5619449615478516,0.9805294871330261
824,32.92,6,63.63779067993164,-38.379421234131016,0.0,0.8720898761750873,5,False,0.5444560050964355,0.8978135585784912
825,32.96,1,88.82626342773438,-22.057857513427763,0.0,0.5359938395446326,5,False,0.5652773380279541,0.9468251466751099
825,32.96,6,62.992774963378906,-26.441869735717788,0.0,0.7355316706541036,5,False,0.5301234126091003,0.908694863319397
826,33.0,1,90.05888366699219,-24.17097091674809,0.0,0.6263454501513628,5,False,0.5597243309020996,0.9768080115318298
826,33.0,6,62.19866943359375,-12.78684616088881,0.0,0.93196069966244,5,False,0.5503271222114563,0.9031533002853394
827,33.04,1,87.86933898925781,-14.135437011718802,0.0,0.6152166286862952,5,False,0.5847389101982117,0.9474707245826721
827,33.04,6,60.59303283691406,-18.65937232971191,0.0,0.8662569059319745,5,False,0.522137463092804,0.90028977394104
828,33.08,1,87.70428466796875,-13.559303283691463,0.0,0.5984990588133716,5,False,0.5590124130249023,0.9519120454788208
828,33.08,6,59.56623840332031,-26.357116699218672,0.0,0.9745390291059723,5,False,0.5062904357910156,0.8973878622055054
829,33.12,1,87.82942962646484,-10.870666503906296,0.0,0.47172381968888166,5,False,0.5897105932235718,0.9593526721000671
829,33.12,6,58.873756408691406,-27.176170349121286,0.0,0.9822799215681576,5,False,0.4292970597743988,0.8238547444343567
830,33.16,1,86.09942626953125,-19.897060394287248,0.0,0.7971351880019205,5,False,0.5829880833625793,0.9622911214828491
830,33.16,6,59.16626739501953,-19.460201263427845,0.0,0.8293622238144625,5,False,0.43578505516052246,0.9263744950294495
831,33.2,1,86.97223663330078,-8.497657775879244,0.0,0.49873930823260426,5,False,0.5832532048225403,0.9731457233428955
831,33.2,6,58.581764221191406,-11.056270599365178,0.0,0.8007775167847382,5,False,0.42004650831222534,0.8604685664176941
832,33.24,1,84.59214782714844,-17.70366668701171,0.0,0.701973312604576,5,False,0.589293897151947,0.9330954551696777
833,33.28,1,88.15601348876953,-2.135276794433542,0.0,0.00882219673522322,5,False,0.5993902087211609,0.9104030728340149
834,33.32,1,86.62667846679688,5.595703124999813,0.0,0.07387905413582185,5,False,0.5823737382888794,0.935640275478363
834,33.32,6,53.86433410644531,-23.57084526205968,0.0,0.8558961341067118,5,False,0.4062972664833069,0.7533683180809021
835,33.36,1,85.94398498535156,-0.054931640625011664,0.0,6.975073185366831e-06,5,False,0.5995439887046814,0.978831946849823
836,33.4,1,85.09503173828125,-3.0156517028808802,0.0,0.01862836451516714,5,False,0.5812554359436035,0.9771295785903931
837,33.44,1,85.27604675292969,-18.228950500488274,0.0,0.8650239496622665,5,False,0.5657463073730469,0.9645736813545227
838,33.48,1,81.6122817993164,-26.741828918457184,0.0,0.7597977728307911,5,False,0.5128636360168457,0.9420812129974365
839,33.52,1,80.92640686035156,-33.79476547241215,0.0,0.8502463586643735,5,False,0.5001600980758667,0.9793611764907837
840,33.56,1,80.53579711914062,-33.670272827148494,0.0,0.8482453498237733,5,False,0.5180726647377014,0.9751561284065247
841,33.6,1,82.2636489868164,-17.75320053100585,0.0,0.35579534858064,5,False,0.533983051776886,0.972970187664032
842,33.64,1,82.23953247070312,6.479358673095655,0.0,0.279861340186657,5,False,0.5189266204833984,0.9650822281837463
843,33.68,1,82.29206085205078,11.087608337402289,0.0,0.6779398444509774,5,False,0.5298289656639099,0.9439088702201843
844,33.72,1,82.42183685302734,9.501228332519409,0.0,0.5727530178846143,5,False,0.5336664915084839,0.9696640968322754
845,33.76,1,81.34500122070312,-4.137477874755825,0.0,0.36231587905824014,5,False,0.5146027207374573,0.9674742817878723
846,33.8,1,81.13652038574219,-7.882709503173817,0.0,0.6945670771665011,5,False,0.5269730687141418,0.9477136135101318
847,33.84,1,82.0247802734375,-4.5496940612793075,0.0,0.2515034191010922,5,False,0.5534663200378418,0.9508224129676819
848,33.88,1,79.45913696289062,-13.114051818847628,0.0,0.5292852505488054,5,False,0.5470641255378723,0.9555971622467041
849,33.92,1,77.21766662597656,-24.830131530761836,0.0,0.6596428379209204,5,False,0.5276893973350525,0.9441707134246826
850,33.96,1,77.11956024169922,-32.10258483886729,0.0,0.8298089768772243,5,False,0.526033878326416,0.9877057075500488
851,34.0,1,77.53892517089844,-28.278217315673817,0.0,0.724092482631283,5,False,0.5288972854614258,0.988985538482666
852,34.04,1,77.75178527832031,-7.733612060546897,0.0,0.26406985257881643,5,False,0.5347566604614258,0.9740914702415466
853,34.08,1,77.4830551147461,2.907505035400429,0.0,0.5214655657038122,5,False,0.5289376378059387,0.9591257572174072
854,34.12,1,76.88180541992188,-1.3284492492676285,0.0,0.05797916116983737,5,False,0.5231180787086487,0.9870638251304626
855,34.16,1,76.5931625366211,-6.903762817382854,0.0,0.7972029894318806,5,False,0.5179967880249023,0.9826239347457886
856,34.2,1,75.21918487548828,-14.887733459472699,0.0,0.9046946155247476,5,False,0.504692554473877,0.9458774924278259
857,34.24,1,73.85550689697266,-22.29429244995122,0.0,0.9315211745840626,5,False,0.49793827533721924,0.9564076662063599
858,34.28,1,73.84185791015625,-22.043876647949286,0.0,0.9265460294384598,5,False,0.4830247163772583,0.9460227489471436
859,34.32,1,73.41751098632812,-19.32157516479494,0.0,0.867896289526505,5,False,0.4659275710582733,0.9763458967208862
860,34.36,1,72.57182312011719,-14.331798553466843,0.0,0.8950243295186866,5,False,0.4666293263435364,0.9659304618835449
861,34.4,1,72.07820892333984,-12.061576843261895,0.0,0.9196967548088931,5,False,0.45869341492652893,0.9762342572212219
862,34.44,1,72.09391784667969,-12.087955474853588,0.0,0.9210183139912415,5,False,0.4859335720539093,0.9930148124694824
863,34.48,1,71.84680938720703,-9.048271179199283,0.0,0.8353705783697959,5,False,0.47510629892349243,0.9635115265846252
864,34.52,1,72.31029510498047,-1.886138916015781,0.0,0.1901848251988022,5,False,0.47179192304611206,0.9790827631950378
865,34.56,1,71.9173583984375,-0.26330947875979854,0.0,0.008575639975932692,5,False,0.438064306974411,0.9575827121734619
866,34.6,1,71.6190185546875,-2.1981239318847985,0.0,0.28473590995223486,5,False,0.4348861277103424,0.970123827457428
867,34.64,1,70.14744567871094,-10.225009918212779,0.0,0.6036061908319807,5,False,0.4129882752895355,0.9703826308250427
868,34.68,0,0.0,0.0,0.0,0.0,0,0,0.0,0.0
869,34.72,0,0.0,0.0,0.0,0.0,0,0,0.0,0.0
870,34.76,0,0.0,0.0,0.0,0.0,0,0,0.0,0.0
871,34.8,0,0.0,0.0,0.0,0.0,0,0,0.0,0.0
872,34.84,0,0.0,0.0,0.0,0.0,0,0,0.0,0.0
873,34.88,0,0.0,0.0,0.0,0.0,0,0,0.0,0.0
874,34.92,0,0.0,0.0,0.0,0.0,0,0,0.0,0.0
875,34.96,0,0.0,0.0,0.0,0.0,0,0,0.0,0.0
876,35.0,0,0.0,0.0,0.0,0.0,0,0,0.0,0.0
877,35.04,0,0.0,0.0,0.0,0.0,0,0,0.0,0.0
878,35.08,0,0.0,0.0,0.0,0.0,0,0,0.0,0.0
879,35.12,0,0.0,0.0,0.0,0.0,0,0,0.0,0.0
880,35.16,0,0.0,0.0,0.0,0.0,0,0,0.0,0.0
881,35.2,0,0.0,0.0,0.0,0.0,0,0,0.0,0.0
882,35.24,0,0.0,0.0,0.0,0.0,0,0,0.0,0.0
883,35.28,0,0.0,0.0,0.0,0.0,0,0,0.0,0.0
884,35.32,0,0.0,0.0,0.0,0.0,0,0,0.0,0.0
885,35.36,0,0.0,0.0,0.0,0.0,0,0,0.0,0.0
886,35.4,0,0.0,0.0,0.0,0.0,0,0,0.0,0.0
887,35.44,0,0.0,0.0,0.0,0.0,0,0,0.0,0.0
888,35.48,0,0.0,0.0,0.0,0.0,0,0,0.0,0.0
889,35.52,0,0.0,0.0,0.0,0.0,0,0,0.0,0.0
890,35.56,0,0.0,0.0,0.0,0.0,0,0,0.0,0.0
891,35.6,0,0.0,0.0,0.0,0.0,0,0,0.0,0.0
892,35.64,0,0.0,0.0,0.0,0.0,0,0,0.0,0.0
893,35.68,0,0.0,0.0,0.0,0.0,0,0,0.0,0.0
894,35.72,0,0.0,0.0,0.0,0.0,0,0,0.0,0.0
895,35.76,0,0.0,0.0,0.0,0.0,0,0,0.0,0.0
896,35.8,0,0.0,0.0,0.0,0.0,0,0,0.0,0.0
897,35.84,0,0.0,0.0,0.0,0.0,0,0,0.0,0.0
898,35.88,0,0.0,0.0,0.0,0.0,0,0,0.0,0.0
899,35.92,0,0.0,0.0,0.0,0.0,0,0,0.0,0.0
900,35.96,0,0.0,0.0,0.0,0.0,0,0,0.0,0.0
901,36.0,0,0.0,0.0,0.0,0.0,0,0,0.0,0.0
902,36.04,0,0.0,0.0,0.0,0.0,0,0,0.0,0.0
903,36.08,0,0.0,0.0,0.0,0.0,0,0,0.0,0.0
904,36.12,0,0.0,0.0,0.0,0.0,0,0,0.0,0.0
905,36.16,0,0.0,0.0,0.0,0.0,0,0,0.0,0.0
906,36.2,0,0.0,0.0,0.0,0.0,0,0,0.0,0.0
907,36.24,0,0.0,0.0,0.0,0.0,0,0,0.0,0.0
908,36.28,0,0.0,0.0,0.0,0.0,0,0,0.0,0.0
909,36.32,0,0.0,0.0,0.0,0.0,0,0,0.0,0.0
910,36.36,0,0.0,0.0,0.0,0.0,0,0,0.0,0.0
911,36.4,0,0.0,0.0,0.0,0.0,0,0,0.0,0.0
912,36.44,0,0.0,0.0,0.0,0.0,0,0,0.0,0.0
913,36.48,0,0.0,0.0,0.0,0.0,0,0,0.0,0.0
914,36.52,0,0.0,0.0,0.0,0.0,0,0,0.0,0.0
915,36.56,0,0.0,0.0,0.0,0.0,0,0,0.0,0.0
916,36.6,0,0.0,0.0,0.0,0.0,0,0,0.0,0.0
917,36.64,0,0.0,0.0,0.0,0.0,0,0,0.0,0.0
918,36.68,0,0.0,0.0,0.0,0.0,0,0,0.0,0.0
919,36.72,0,0.0,0.0,0.0,0.0,0,0,0.0,0.0
920,36.76,0,0.0,0.0,0.0,0.0,0,0,0.0,0.0
921,36.8,0,0.0,0.0,0.0,0.0,0,0,0.0,0.0
922,36.84,0,0.0,0.0,0.0,0.0,0,0,0.0,0.0
923,36.88,0,0.0,0.0,0.0,0.0,0,0,0.0,0.0
924,36.92,0,0.0,0.0,0.0,0.0,0,0,0.0,0.0
925,36.96,7,149.63087463378906,,0.0,,1,False,0.5769446492195129,0.02029513195157051
926,37.0,7,143.0276641845703,,0.0,,2,False,0.5980768203735352,0.8629830479621887
927,37.04,7,135.4416046142578,,0.0,,3,False,0.6564594507217407,0.8662600517272949
928,37.08,7,133.96075439453125,,0.0,,4,False,0.666357696056366,0.8861366510391235
929,37.12,7,132.63784790039062,-107.63240814209001,0.0,0.8921947799793695,5,False,0.6103962063789368,0.9281905889511108
930,37.16,7,129.9236297607422,-72.52956390380857,0.0,0.8671121684871226,5,False,0.5889720916748047,0.8719173073768616
931,37.2,7,126.45237731933594,-55.03894805908218,0.0,0.9563308302056197,5,False,0.5503089427947998,0.9069319367408752
932,37.24,7,118.61363220214844,-92.19928741455094,0.0,0.9023202097311442,5,False,0.5617610216140747,0.8489159941673279
933,37.28,7,115.5513687133789,-113.70738983154327,0.0,0.966287877462462,5,False,0.5507853031158447,0.8860030174255371
934,37.32,7,110.75652313232422,-123.08805465698235,0.0,0.9817017232915849,5,False,0.5525094866752625,0.9002730846405029
935,37.36,7,108.45222473144531,-109.6435356140138,0.0,0.958184165417443,5,False,0.6005358695983887,0.8951923847198486
936,37.4,7,106.76934051513672,-76.96931838989286,0.0,0.9688005751037406,5,False,0.5721518993377686,0.9209898114204407
937,37.44,7,104.74038696289062,-64.0228652954102,0.0,0.9490522102893473,5,False,0.4989140033721924,0.8879873752593994
938,37.48,7,102.34434509277344,-51.34048461914072,0.0,0.9969142093243357,5,False,0.5618672966957092,0.9174122214317322
939,37.52,7,98.74674987792969,-59.589862823486605,0.0,0.9769490619190991,5,False,0.551013708114624,0.8847284317016602
940,37.56,7,97.89427947998047,-59.3593978881836,0.0,0.975940267255499,5,False,0.5625826120376587,0.9188799262046814
941,37.6,7,94.6793212890625,-61.43049240112304,0.0,0.9774415130167853,5,False,0.4911154508590698,0.8036142587661743
942,37.64,7,88.09756469726562,-81.40247344970714,0.0,0.9222879491770469,5,False,0.465861439704895,0.8505894541740417
943,37.68,7,91.85231018066406,-58.963985443115114,0.0,0.7197578071931214,5,False,0.5313529372215271,0.8397310972213745
944,37.72,7,88.47187042236328,-54.179573059082365,0.0,0.6765441310475286,5,False,0.46576395630836487,0.9165606498718262
945,37.76,7,85.47938537597656,-45.06391525268574,0.0,0.6331956804248773,5,False,0.4572471082210541,0.9212812781333923
946,37.8,7,83.28898620605469,-39.97520446777349,0.0,0.6081814070252527,5,False,0.47788098454475403,0.9241456389427185
947,37.84,7,80.31795501708984,-70.62898635864258,0.0,0.9952468141180756,5,False,0.4907533824443817,0.8724578619003296
948,37.88,7,79.10061645507812,-59.759845733642564,0.0,0.9848220929027787,5,False,0.5094310641288757,0.8564348220825195
949,37.92,7,75.7149429321289,-59.29313659667979,0.0,0.9856830955393943,5,False,0.44263941049575806,0.8877322673797607
950,37.96,7,73.95172119140625,-58.19385528564466,0.0,0.9844493653905697,5,False,0.46642178297042847,0.9437837600708008
951,38.0,7,72.85609436035156,-50.181541442870994,0.0,0.9670073999316139,5,False,0.45835307240486145,0.8989613056182861
952,38.04,7,73.85679626464844,-33.36622238159186,0.0,0.7335769297920405,5,False,0.4158206582069397,0.8922378420829773
953,38.08,0,0.0,0.0,0.0,0.0,0,0,0.0,0.0
954,38.12,0,0.0,0.0,0.0,0.0,0,0,0.0,0.0
955,38.16,0,0.0,0.0,0.0,0.0,0,0,0.0,0.0
956,38.2,0,0.0,0.0,0.0,0.0,0,0,0.0,0.0
957,38.24,0,0.0,0.0,0.0,0.0,0,0,0.0,0.0
958,38.28,0,0.0,0.0,0.0,0.0,0,0,0.0,0.0
959,38.32,0,0.0,0.0,0.0,0.0,0,0,0.0,0.0
960,38.36,0,0.0,0.0,0.0,0.0,0,0,0.0,0.0
961,38.4,0,0.0,0.0,0.0,0.0,0,0,0.0,0.0
962,38.44,0,0.0,0.0,0.0,0.0,0,0,0.0,0.0
963,38.48,0,0.0,0.0,0.0,0.0,0,0,0.0,0.0
964,38.52,0,0.0,0.0,0.0,0.0,0,0,0.0,0.0
965,38.56,0,0.0,0.0,0.0,0.0,0,0,0.0,0.0
966,38.6,0,0.0,0.0,0.0,0.0,0,0,0.0,0.0
967,38.64,0,0.0,0.0,0.0,0.0,0,0,0.0,0.0
968,38.68,0,0.0,0.0,0.0,0.0,0,0,0.0,0.0
969,38.72,0,0.0,0.0,0.0,0.0,0,0,0.0,0.0
970,38.76,0,0.0,0.0,0.0,0.0,0,0,0.0,0.0
971,38.8,0,0.0,0.0,0.0,0.0,0,0,0.0,0.0
972,38.84,0,0.0,0.0,0.0,0.0,0,0,0.0,0.0
973,38.88,0,0.0,0.0,0.0,0.0,0,0,0.0,0.0
974,38.92,0,0.0,0.0,0.0,0.0,0,0,0.0,0.0
975,38.96,0,0.0,0.0,0.0,0.0,0,0,0.0,0.0
976,39.0,0,0.0,0.0,0.0,0.0,0,0,0.0,0.0
977,39.04,0,0.0,0.0,0.0,0.0,0,0,0.0,0.0
978,39.08,0,0.0,0.0,0.0,0.0,0,0,0.0,0.0
979,39.12,0,0.0,0.0,0.0,0.0,0,0,0.0,0.0
980,39.16,0,0.0,0.0,0.0,0.0,0,0,0.0,0.0
981,39.2,0,0.0,0.0,0.0,0.0,0,0,0.0,0.0
982,39.24,0,0.0,0.0,0.0,0.0,0,0,0.0,0.0
983,39.28,0,0.0,0.0,0.0,0.0,0,0,0.0,0.0
984,39.32,0,0.0,0.0,0.0,0.0,0,0,0.0,0.0
985,39.36,0,0.0,0.0,0.0,0.0,0,0,0.0,0.0
986,39.4,0,0.0,0.0,0.0,0.0,0,0,0.0,0.0
987,39.44,0,0.0,0.0,0.0,0.0,0,0,0.0,0.0
988,39.48,0,0.0,0.0,0.0,0.0,0,0,0.0,0.0
989,39.52,0,0.0,0.0,0.0,0.0,0,0,0.0,0.0
990,39.56,0,0.0,0.0,0.0,0.0,0,0,0.0,0.0
991,39.6,0,0.0,0.0,0.0,0.0,0,0,0.0,0.0
992,39.64,0,0.0,0.0,0.0,0.0,0,0,0.0,0.0
993,39.68,0,0.0,0.0,0.0,0.0,0,0,0.0,0.0
994,39.72,0,0.0,0.0,0.0,0.0,0,0,0.0,0.0
995,39.76,0,0.0,0.0,0.0,0.0,0,0,0.0,0.0
996,39.8,0,0.0,0.0,0.0,0.0,0,0,0.0,0.0
997,39.84,0,0.0,0.0,0.0,0.0,0,0,0.0,0.0
998,39.88,0,0.0,0.0,0.0,0.0,0,0,0.0,0.0
999,39.92,0,0.0,0.0,0.0,0.0,0,0,0.0,0.0
1000,39.96,0,0.0,0.0,0.0,0.0,0,0,0.0,0.0
1001,40.0,0,0.0,0.0,0.0,0.0,0,0,0.0,0.0
1002,40.04,0,0.0,0.0,0.0,0.0,0,0,0.0,0.0
1003,40.08,0,0.0,0.0,0.0,0.0,0,0,0.0,0.0
1004,40.12,0,0.0,0.0,0.0,0.0,0,0,0.0,0.0
1005,40.16,0,0.0,0.0,0.0,0.0,0,0,0.0,0.0
1006,40.2,0,0.0,0.0,0.0,0.0,0,0,0.0,0.0
1007,40.24,0,0.0,0.0,0.0,0.0,0,0,0.0,0.0
1008,40.28,0,0.0,0.0,0.0,0.0,0,0,0.0,0.0
1009,40.32,0,0.0,0.0,0.0,0.0,0,0,0.0,0.0
1010,40.36,0,0.0,0.0,0.0,0.0,0,0,0.0,0.0
1011,40.4,0,0.0,0.0,0.0,0.0,0,0,0.0,0.0
1012,40.44,0,0.0,0.0,0.0,0.0,0,0,0.0,0.0
1013,40.48,0,0.0,0.0,0.0,0.0,0,0,0.0,0.0
1014,40.52,0,0.0,0.0,0.0,0.0,0,0,0.0,0.0
1015,40.56,0,0.0,0.0,0.0,0.0,0,0,0.0,0.0
1016,40.6,0,0.0,0.0,0.0,0.0,0,0,0.0,0.0
1017,40.64,0,0.0,0.0,0.0,0.0,0,0,0.0,0.0
1018,40.68,0,0.0,0.0,0.0,0.0,0,0,0.0,0.0
1019,40.72,0,0.0,0.0,0.0,0.0,0,0,0.0,0.0
1020,40.76,0,0.0,0.0,0.0,0.0,0,0,0.0,0.0
1021,40.8,0,0.0,0.0,0.0,0.0,0,0,0.0,0.0
1022,40.84,0,0.0,0.0,0.0,0.0,0,0,0.0,0.0
1023,40.88,0,0.0,0.0,0.0,0.0,0,0,0.0,0.0
1024,40.92,0,0.0,0.0,0.0,0.0,0,0,0.0,0.0
1025,40.96,0,0.0,0.0,0.0,0.0,0,0,0.0,0.0
1026,41.0,0,0.0,0.0,0.0,0.0,0,0,0.0,0.0
1027,41.04,0,0.0,0.0,0.0,0.0,0,0,0.0,0.0
1028,41.08,0,0.0,0.0,0.0,0.0,0,0,0.0,0.0
1029,41.12,0,0.0,0.0,0.0,0.0,0,0,0.0,0.0
1030,41.16,0,0.0,0.0,0.0,0.0,0,0,0.0,0.0
1031,41.2,0,0.0,0.0,0.0,0.0,0,0,0.0,0.0
1032,41.24,0,0.0,0.0,0.0,0.0,0,0,0.0,0.0
1033,41.28,0,0.0,0.0,0.0,0.0,0,0,0.0,0.0
1034,41.32,0,0.0,0.0,0.0,0.0,0,0,0.0,0.0
1035,41.36,0,0.0,0.0,0.0,0.0,0,0,0.0,0.0
1036,41.4,0,0.0,0.0,0.0,0.0,0,0,0.0,0.0
1037,41.44,0,0.0,0.0,0.0,0.0,0,0,0.0,0.0
1038,41.48,0,0.0,0.0,0.0,0.0,0,0,0.0,0.0
1039,41.52,0,0.0,0.0,0.0,0.0,0,0,0.0,0.0
1040,41.56,0,0.0,0.0,0.0,0.0,0,0,0.0,0.0
1041,41.6,0,0.0,0.0,0.0,0.0,0,0,0.0,0.0
1042,41.64,0,0.0,0.0,0.0,0.0,0,0,0.0,0.0
1043,41.68,0,0.0,0.0,0.0,0.0,0,0,0.0,0.0
1044,41.72,0,0.0,0.0,0.0,0.0,0,0,0.0,0.0
1045,41.76,0,0.0,0.0,0.0,0.0,0,0,0.0,0.0
1046,41.8,0,0.0,0.0,0.0,0.0,0,0,0.0,0.0
1047,41.84,0,0.0,0.0,0.0,0.0,0,0,0.0,0.0
1048,41.88,0,0.0,0.0,0.0,0.0,0,0,0.0,0.0
1049,41.92,0,0.0,0.0,0.0,0.0,0,0,0.0,0.0
1050,41.96,0,0.0,0.0,0.0,0.0,0,0,0.0,0.0
1051,42.0,0,0.0,0.0,0.0,0.0,0,0,0.0,0.0
1052,42.04,0,0.0,0.0,0.0,0.0,0,0,0.0,0.0
1053,42.08,0,0.0,0.0,0.0,0.0,0,0,0.0,0.0
1054,42.12,0,0.0,0.0,0.0,0.0,0,0,0.0,0.0
1055,42.16,0,0.0,0.0,0.0,0.0,0,0,0.0,0.0
1056,42.2,0,0.0,0.0,0.0,0.0,0,0,0.0,0.0
1057,42.24,0,0.0,0.0,0.0,0.0,0,0,0.0,0.0
1058,42.28,0,0.0,0.0,0.0,0.0,0,0,0.0,0.0
1059,42.32,0,0.0,0.0,0.0,0.0,0,0,0.0,0.0
1060,42.36,0,0.0,0.0,0.0,0.0,0,0,0.0,0.0
1061,42.4,0,0.0,0.0,0.0,0.0,0,0,0.0,0.0
1062,42.44,0,0.0,0.0,0.0,0.0,0,0,0.0,0.0
1063,42.48,0,0.0,0.0,0.0,0.0,0,0,0.0,0.0
1064,42.52,0,0.0,0.0,0.0,0.0,0,0,0.0,0.0
1065,42.56,0,0.0,0.0,0.0,0.0,0,0,0.0,0.0
1066,42.6,0,0.0,0.0,0.0,0.0,0,0,0.0,0.0
1067,42.64,0,0.0,0.0,0.0,0.0,0,0,0.0,0.0
1068,42.68,0,0.0,0.0,0.0,0.0,0,0,0.0,0.0
1069,42.72,0,0.0,0.0,0.0,0.0,0,0,0.0,0.0
1070,42.76,0,0.0,0.0,0.0,0.0,0,0,0.0,0.0
1071,42.8,0,0.0,0.0,0.0,0.0,0,0,0.0,0.0
1072,42.84,0,0.0,0.0,0.0,0.0,0,0,0.0,0.0
1073,42.88,0,0.0,0.0,0.0,0.0,0,0,0.0,0.0
1074,42.92,0,0.0,0.0,0.0,0.0,0,0,0.0,0.0
1075,42.96,0,0.0,0.0,0.0,0.0,0,0,0.0,0.0
1076,43.0,0,0.0,0.0,0.0,0.0,0,0,0.0,0.0
1077,43.04,0,0.0,0.0,0.0,0.0,0,0,0.0,0.0
1078,43.08,0,0.0,0.0,0.0,0.0,0,0,0.0,0.0
1079,43.12,0,0.0,0.0,0.0,0.0,0,0,0.0,0.0
1080,43.16,0,0.0,0.0,0.0,0.0,0,0,0.0,0.0
1081,43.2,0,0.0,0.0,0.0,0.0,0,0,0.0,0.0
1082,43.24,0,0.0,0.0,0.0,0.0,0,0,0.0,0.0
1083,43.28,0,0.0,0.0,0.0,0.0,0,0,0.0,0.0
1084,43.32,0,0.0,0.0,0.0,0.0,0,0,0.0,0.0
1085,43.36,0,0.0,0.0,0.0,0.0,0,0,0.0,0.0
1086,43.4,0,0.0,0.0,0.0,0.0,0,0,0.0,0.0
1087,43.44,0,0.0,0.0,0.0,0.0,0,0,0.0,0.0
1088,43.48,0,0.0,0.0,0.0,0.0,0,0,0.0,0.0
1089,43.52,0,0.0,0.0,0.0,0.0,0,0,0.0,0.0
1090,43.56,0,0.0,0.0,0.0,0.0,0,0,0.0,0.0
1091,43.6,0,0.0,0.0,0.0,0.0,0,0,0.0,0.0
1092,43.64,0,0.0,0.0,0.0,0.0,0,0,0.0,0.0
1093,43.68,0,0.0,0.0,0.0,0.0,0,0,0.0,0.0
1094,43.72,0,0.0,0.0,0.0,0.0,0,0,0.0,0.0
1095,43.76,0,0.0,0.0,0.0,0.0,0,0,0.0,0.0
1096,43.8,0,0.0,0.0,0.0,0.0,0,0,0.0,0.0
1097,43.84,0,0.0,0.0,0.0,0.0,0,0,0.0,0.0
1098,43.88,0,0.0,0.0,0.0,0.0,0,0,0.0,0.0
1099,43.92,0,0.0,0.0,0.0,0.0,0,0,0.0,0.0
1100,43.96,0,0.0,0.0,0.0,0.0,0,0,0.0,0.0
1101,44.0,0,0.0,0.0,0.0,0.0,0,0,0.0,0.0
1102,44.04,0,0.0,0.0,0.0,0.0,0,0,0.0,0.0
1103,44.08,0,0.0,0.0,0.0,0.0,0,0,0.0,0.0
1104,44.12,0,0.0,0.0,0.0,0.0,0,0,0.0,0.0
1105,44.16,0,0.0,0.0,0.0,0.0,0,0,0.0,0.0
1106,44.2,0,0.0,0.0,0.0,0.0,0,0,0.0,0.0
1107,44.24,0,0.0,0.0,0.0,0.0,0,0,0.0,0.0
1108,44.28,0,0.0,0.0,0.0,0.0,0,0,0.0,0.0
1109,44.32,0,0.0,0.0,0.0,0.0,0,0,0.0,0.0
1110,44.36,0,0.0,0.0,0.0,0.0,0,0,0.0,0.0
1111,44.4,0,0.0,0.0,0.0,0.0,0,0,0.0,0.0
1112,44.44,0,0.0,0.0,0.0,0.0,0,0,0.0,0.0
1113,44.48,0,0.0,0.0,0.0,0.0,0,0,0.0,0.0
1114,44.52,0,0.0,0.0,0.0,0.0,0,0,0.0,0.0
1115,44.56,0,0.0,0.0,0.0,0.0,0,0,0.0,0.0
1116,44.6,0,0.0,0.0,0.0,0.0,0,0,0.0,0.0
1117,44.64,0,0.0,0.0,0.0,0.0,0,0,0.0,0.0
1118,44.68,0,0.0,0.0,0.0,0.0,0,0,0.0,0.0
1119,44.72,0,0.0,0.0,0.0,0.0,0,0,0.0,0.0
1120,44.76,0,0.0,0.0,0.0,0.0,0,0,0.0,0.0
1121,44.8,0,0.0,0.0,0.0,0.0,0,0,0.0,0.0
1122,44.84,0,0.0,0.0,0.0,0.0,0,0,0.0,0.0
1123,44.88,0,0.0,0.0,0.0,0.0,0,0,0.0,0.0
1124,44.92,0,0.0,0.0,0.0,0.0,0,0,0.0,0.0
1125,44.96,0,0.0,0.0,0.0,0.0,0,0,0.0,0.0
1126,45.0,0,0.0,0.0,0.0,0.0,0,0,0.0,0.0
1127,45.04,0,0.0,0.0,0.0,0.0,0,0,0.0,0.0
1128,45.08,0,0.0,0.0,0.0,0.0,0,0,0.0,0.0
1129,45.12,0,0.0,0.0,0.0,0.0,0,0,0.0,0.0
1130,45.16,0,0.0,0.0,0.0,0.0,0,0,0.0,0.0
1131,45.2,0,0.0,0.0,0.0,0.0,0,0,0.0,0.0
1132,45.24,0,0.0,0.0,0.0,0.0,0,0,0.0,0.0
1133,45.28,0,0.0,0.0,0.0,0.0,0,0,0.0,0.0
1134,45.32,0,0.0,0.0,0.0,0.0,0,0,0.0,0.0
1135,45.36,0,0.0,0.0,0.0,0.0,0,0,0.0,0.0
1136,45.4,0,0.0,0.0,0.0,0.0,0,0,0.0,0.0
1137,45.44,0,0.0,0.0,0.0,0.0,0,0,0.0,0.0
1138,45.48,0,0.0,0.0,0.0,0.0,0,0,0.0,0.0
1139,45.52,0,0.0,0.0,0.0,0.0,0,0,0.0,0.0
1140,45.56,0,0.0,0.0,0.0,0.0,0,0,0.0,0.0
1141,45.6,0,0.0,0.0,0.0,0.0,0,0,0.0,0.0
1142,45.64,0,0.0,0.0,0.0,0.0,0,0,0.0,0.0
1143,45.68,0,0.0,0.0,0.0,0.0,0,0,0.0,0.0
1144,45.72,0,0.0,0.0,0.0,0.0,0,0,0.0,0.0
1145,45.76,0,0.0,0.0,0.0,0.0,0,0,0.0,0.0
1146,45.8,0,0.0,0.0,0.0,0.0,0,0,0.0,0.0
1147,45.84,0,0.0,0.0,0.0,0.0,0,0,0.0,0.0
1148,45.88,0,0.0,0.0,0.0,0.0,0,0,0.0,0.0
1149,45.92,0,0.0,0.0,0.0,0.0,0,0,0.0,0.0
1150,45.96,0,0.0,0.0,0.0,0.0,0,0,0.0,0.0
1151,46.0,0,0.0,0.0,0.0,0.0,0,0,0.0,0.0
1152,46.04,0,0.0,0.0,0.0,0.0,0,0,0.0,0.0
1153,46.08,0,0.0,0.0,0.0,0.0,0,0,0.0,0.0
1154,46.12,0,0.0,0.0,0.0,0.0,0,0,0.0,0.0
1155,46.16,0,0.0,0.0,0.0,0.0,0,0,0.0,0.0
1156,46.2,0,0.0,0.0,0.0,0.0,0,0,0.0,0.0
1157,46.24,0,0.0,0.0,0.0,0.0,0,0,0.0,0.0
1158,46.28,0,0.0,0.0,0.0,0.0,0,0,0.0,0.0
1159,46.32,0,0.0,0.0,0.0,0.0,0,0,0.0,0.0
1160,46.36,0,0.0,0.0,0.0,0.0,0,0,0.0,0.0
1161,46.4,0,0.0,0.0,0.0,0.0,0,0,0.0,0.0
1162,46.44,0,0.0,0.0,0.0,0.0,0,0,0.0,0.0
1163,46.48,0,0.0,0.0,0.0,0.0,0,0,0.0,0.0
1164,46.52,0,0.0,0.0,0.0,0.0,0,0,0.0,0.0
1165,46.56,0,0.0,0.0,0.0,0.0,0,0,0.0,0.0
1166,46.6,0,0.0,0.0,0.0,0.0,0,0,0.0,0.0
1167,46.64,0,0.0,0.0,0.0,0.0,0,0,0.0,0.0
1168,46.68,0,0.0,0.0,0.0,0.0,0,0,0.0,0.0
1169,46.72,0,0.0,0.0,0.0,0.0,0,0,0.0,0.0
1170,46.76,0,0.0,0.0,0.0,0.0,0,0,0.0,0.0
1171,46.8,0,0.0,0.0,0.0,0.0,0,0,0.0,0.0
1172,46.84,0,0.0,0.0,0.0,0.0,0,0,0.0,0.0
1173,46.88,0,0.0,0.0,0.0,0.0,0,0,0.0,0.0
1174,46.92,0,0.0,0.0,0.0,0.0,0,0,0.0,0.0
1175,46.96,0,0.0,0.0,0.0,0.0,0,0,0.0,0.0
1176,47.0,0,0.0,0.0,0.0,0.0,0,0,0.0,0.0
1177,47.04,0,0.0,0.0,0.0,0.0,0,0,0.0,0.0
1178,47.08,0,0.0,0.0,0.0,0.0,0,0,0.0,0.0
1179,47.12,0,0.0,0.0,0.0,0.0,0,0,0.0,0.0
1180,47.16,0,0.0,0.0,0.0,0.0,0,0,0.0,0.0
1181,47.2,0,0.0,0.0,0.0,0.0,0,0,0.0,0.0
1182,47.24,0,0.0,0.0,0.0,0.0,0,0,0.0,0.0
1183,47.28,0,0.0,0.0,0.0,0.0,0,0,0.0,0.0
1184,47.32,0,0.0,0.0,0.0,0.0,0,0,0.0,0.0
1185,47.36,0,0.0,0.0,0.0,0.0,0,0,0.0,0.0
1186,47.4,0,0.0,0.0,0.0,0.0,0,0,0.0,0.0
1187,47.44,0,0.0,0.0,0.0,0.0,0,0,0.0,0.0
1188,47.48,0,0.0,0.0,0.0,0.0,0,0,0.0,0.0
1189,47.52,0,0.0,0.0,0.0,0.0,0,0,0.0,0.0
1190,47.56,0,0.0,0.0,0.0,0.0,0,0,0.0,0.0
1191,47.6,0,0.0,0.0,0.0,0.0,0,0,0.0,0.0
1192,47.64,0,0.0,0.0,0.0,0.0,0,0,0.0,0.0
1193,47.68,0,0.0,0.0,0.0,0.0,0,0,0.0,0.0
1194,47.72,0,0.0,0.0,0.0,0.0,0,0,0.0,0.0
1195,47.76,0,0.0,0.0,0.0,0.0,0,0,0.0,0.0
1196,47.8,0,0.0,0.0,0.0,0.0,0,0,0.0,0.0
1197,47.84,0,0.0,0.0,0.0,0.0,0,0,0.0,0.0
1198,47.88,0,0.0,0.0,0.0,0.0,0,0,0.0,0.0
1199,47.92,0,0.0,0.0,0.0,0.0,0,0,0.0,0.0
1200,47.96,0,0.0,0.0,0.0,0.0,0,0,0.0,0.0
1201,48.0,0,0.0,0.0,0.0,0.0,0,0,0.0,0.0
1202,48.04,0,0.0,0.0,0.0,0.0,0,0,0.0,0.0
1203,48.08,0,0.0,0.0,0.0,0.0,0,0,0.0,0.0
1204,48.12,0,0.0,0.0,0.0,0.0,0,0,0.0,0.0
1205,48.16,0,0.0,0.0,0.0,0.0,0,0,0.0,0.0
1206,48.2,0,0.0,0.0,0.0,0.0,0,0,0.0,0.0
1207,48.24,0,0.0,0.0,0.0,0.0,0,0,0.0,0.0
1208,48.28,0,0.0,0.0,0.0,0.0,0,0,0.0,0.0
1209,48.32,0,0.0,0.0,0.0,0.0,0,0,0.0,0.0
1210,48.36,0,0.0,0.0,0.0,0.0,0,0,0.0,0.0
1211,48.4,0,0.0,0.0,0.0,0.0,0,0,0.0,0.0
1212,48.44,0,0.0,0.0,0.0,0.0,0,0,0.0,0.0
1213,48.48,0,0.0,0.0,0.0,0.0,0,0,0.0,0.0
1214,48.52,0,0.0,0.0,0.0,0.0,0,0,0.0,0.0
1215,48.56,0,0.0,0.0,0.0,0.0,0,0,0.0,0.0
1216,48.6,0,0.0,0.0,0.0,0.0,0,0,0.0,0.0
1217,48.64,0,0.0,0.0,0.0,0.0,0,0,0.0,0.0
1218,48.68,0,0.0,0.0,0.0,0.0,0,0,0.0,0.0
1219,48.72,0,0.0,0.0,0.0,0.0,0,0,0.0,0.0
1220,48.76,0,0.0,0.0,0.0,0.0,0,0,0.0,0.0
1221,48.8,0,0.0,0.0,0.0,0.0,0,0,0.0,0.0
1222,48.84,0,0.0,0.0,0.0,0.0,0,0,0.0,0.0
1223,48.88,0,0.0,0.0,0.0,0.0,0,0,0.0,0.0
1224,48.92,0,0.0,0.0,0.0,0.0,0,0,0.0,0.0
1225,48.96,0,0.0,0.0,0.0,0.0,0,0,0.0,0.0
1226,49.0,0,0.0,0.0,0.0,0.0,0,0,0.0,0.0
1227,49.04,0,0.0,0.0,0.0,0.0,0,0,0.0,0.0
1228,49.08,0,0.0,0.0,0.0,0.0,0,0,0.0,0.0
1229,49.12,0,0.0,0.0,0.0,0.0,0,0,0.0,0.0
1230,49.16,0,0.0,0.0,0.0,0.0,0,0,0.0,0.0
1231,49.2,0,0.0,0.0,0.0,0.0,0,0,0.0,0.0
1232,49.24,0,0.0,0.0,0.0,0.0,0,0,0.0,0.0
1233,49.28,0,0.0,0.0,0.0,0.0,0,0,0.0,0.0
1234,49.32,0,0.0,0.0,0.0,0.0,0,0,0.0,0.0
1235,49.36,0,0.0,0.0,0.0,0.0,0,0,0.0,0.0
1236,49.4,0,0.0,0.0,0.0,0.0,0,0,0.0,0.0
1237,49.44,0,0.0,0.0,0.0,0.0,0,0,0.0,0.0
1238,49.48,0,0.0,0.0,0.0,0.0,0,0,0.0,0.0
1239,49.52,0,0.0,0.0,0.0,0.0,0,0,0.0,0.0
1240,49.56,0,0.0,0.0,0.0,0.0,0,0,0.0,0.0
1241,49.6,0,0.0,0.0,0.0,0.0,0,0,0.0,0.0
1242,49.64,0,0.0,0.0,0.0,0.0,0,0,0.0,0.0
1243,49.68,0,0.0,0.0,0.0,0.0,0,0,0.0,0.0
1244,49.72,0,0.0,0.0,0.0,0.0,0,0,0.0,0.0
1245,49.76,0,0.0,0.0,0.0,0.0,0,0,0.0,0.0
1246,49.8,0,0.0,0.0,0.0,0.0,0,0,0.0,0.0
1247,49.84,0,0.0,0.0,0.0,0.0,0,0,0.0,0.0
1248,49.88,0,0.0,0.0,0.0,0.0,0,0,0.0,0.0
1249,49.92,0,0.0,0.0,0.0,0.0,0,0,0.0,0.0
1250,49.96,0,0.0,0.0,0.0,0.0,0,0,0.0,0.0
1251,50.0,0,0.0,0.0,0.0,0.0,0,0,0.0,0.0
1252,50.04,0,0.0,0.0,0.0,0.0,0,0,0.0,0.0
1253,50.08,0,0.0,0.0,0.0,0.0,0,0,0.0,0.0
1254,50.12,0,0.0,0.0,0.0,0.0,0,0,0.0,0.0
1255,50.16,0,0.0,0.0,0.0,0.0,0,0,0.0,0.0
1256,50.2,0,0.0,0.0,0.0,0.0,0,0,0.0,0.0
1257,50.24,0,0.0,0.0,0.0,0.0,0,0,0.0,0.0
1258,50.28,0,0.0,0.0,0.0,0.0,0,0,0.0,0.0
1259,50.32,0,0.0,0.0,0.0,0.0,0,0,0.0,0.0
1260,50.36,0,0.0,0.0,0.0,0.0,0,0,0.0,0.0
1261,50.4,0,0.0,0.0,0.0,0.0,0,0,0.0,0.0
1262,50.44,0,0.0,0.0,0.0,0.0,0,0,0.0,0.0
1263,50.48,0,0.0,0.0,0.0,0.0,0,0,0.0,0.0
1264,50.52,0,0.0,0.0,0.0,0.0,0,0,0.0,0.0
1265,50.56,0,0.0,0.0,0.0,0.0,0,0,0.0,0.0
1266,50.6,0,0.0,0.0,0.0,0.0,0,0,0.0,0.0
1267,50.64,0,0.0,0.0,0.0,0.0,0,0,0.0,0.0
1268,50.68,0,0.0,0.0,0.0,0.0,0,0,0.0,0.0
1269,50.72,0,0.0,0.0,0.0,0.0,0,0,0.0,0.0
1270,50.76,0,0.0,0.0,0.0,0.0,0,0,0.0,0.0
1271,50.8,0,0.0,0.0,0.0,0.0,0,0,0.0,0.0
1272,50.84,0,0.0,0.0,0.0,0.0,0,0,0.0,0.0
1273,50.88,0,0.0,0.0,0.0,0.0,0,0,0.0,0.0
1274,50.92,0,0.0,0.0,0.0,0.0,0,0,0.0,0.0
1275,50.96,0,0.0,0.0,0.0,0.0,0,0,0.0,0.0
1276,51.0,0,0.0,0.0,0.0,0.0,0,0,0.0,0.0
1277,51.04,0,0.0,0.0,0.0,0.0,0,0,0.0,0.0
1278,51.08,0,0.0,0.0,0.0,0.0,0,0,0.0,0.0
1279,51.12,0,0.0,0.0,0.0,0.0,0,0,0.0,0.0
1280,51.16,0,0.0,0.0,0.0,0.0,0,0,0.0,0.0
1281,51.2,0,0.0,0.0,0.0,0.0,0,0,0.0,0.0
1282,51.24,0,0.0,0.0,0.0,0.0,0,0,0.0,0.0
1283,51.28,0,0.0,0.0,0.0,0.0,0,0,0.0,0.0
1284,51.32,0,0.0,0.0,0.0,0.0,0,0,0.0,0.0
1285,51.36,0,0.0,0.0,0.0,0.0,0,0,0.0,0.0
1286,51.4,0,0.0,0.0,0.0,0.0,0,0,0.0,0.0
1287,51.44,0,0.0,0.0,0.0,0.0,0,0,0.0,0.0
1288,51.48,0,0.0,0.0,0.0,0.0,0,0,0.0,0.0
1289,51.52,0,0.0,0.0,0.0,0.0,0,0,0.0,0.0
1290,51.56,0,0.0,0.0,0.0,0.0,0,0,0.0,0.0
1291,51.6,0,0.0,0.0,0.0,0.0,0,0,0.0,0.0
1292,51.64,0,0.0,0.0,0.0,0.0,0,0,0.0,0.0
1293,51.68,0,0.0,0.0,0.0,0.0,0,0,0.0,0.0
1294,51.72,0,0.0,0.0,0.0,0.0,0,0,0.0,0.0
1295,51.76,0,0.0,0.0,0.0,0.0,0,0,0.0,0.0
1296,51.8,0,0.0,0.0,0.0,0.0,0,0,0.0,0.0
1297,51.84,0,0.0,0.0,0.0,0.0,0,0,0.0,0.0
1298,51.88,0,0.0,0.0,0.0,0.0,0,0,0.0,0.0
1299,51.92,0,0.0,0.0,0.0,0.0,0,0,0.0,0.0
1300,51.96,0,0.0,0.0,0.0,0.0,0,0,0.0,0.0
1301,52.0,0,0.0,0.0,0.0,0.0,0,0,0.0,0.0
1302,52.04,0,0.0,0.0,0.0,0.0,0,0,0.0,0.0
1303,52.08,0,0.0,0.0,0.0,0.0,0,0,0.0,0.0
1304,52.12,0,0.0,0.0,0.0,0.0,0,0,0.0,0.0
1305,52.16,0,0.0,0.0,0.0,0.0,0,0,0.0,0.0
1306,52.2,0,0.0,0.0,0.0,0.0,0,0,0.0,0.0
1307,52.24,0,0.0,0.0,0.0,0.0,0,0,0.0,0.0
1308,52.28,0,0.0,0.0,0.0,0.0,0,0,0.0,0.0
1309,52.32,0,0.0,0.0,0.0,0.0,0,0,0.0,0.0
1310,52.36,0,0.0,0.0,0.0,0.0,0,0,0.0,0.0
1311,52.4,0,0.0,0.0,0.0,0.0,0,0,0.0,0.0
1312,52.44,0,0.0,0.0,0.0,0.0,0,0,0.0,0.0
1313,52.48,0,0.0,0.0,0.0,0.0,0,0,0.0,0.0
1314,52.52,0,0.0,0.0,0.0,0.0,0,0,0.0,0.0
1315,52.56,0,0.0,0.0,0.0,0.0,0,0,0.0,0.0
1316,52.6,0,0.0,0.0,0.0,0.0,0,0,0.0,0.0
1317,52.64,0,0.0,0.0,0.0,0.0,0,0,0.0,0.0
1318,52.68,0,0.0,0.0,0.0,0.0,0,0,0.0,0.0
1319,52.72,0,0.0,0.0,0.0,0.0,0,0,0.0,0.0
1320,52.76,0,0.0,0.0,0.0,0.0,0,0,0.0,0.0
1321,52.8,0,0.0,0.0,0.0,0.0,0,0,0.0,0.0
1322,52.84,0,0.0,0.0,0.0,0.0,0,0,0.0,0.0
1323,52.88,0,0.0,0.0,0.0,0.0,0,0,0.0,0.0
1324,52.92,0,0.0,0.0,0.0,0.0,0,0,0.0,0.0
1325,52.96,0,0.0,0.0,0.0,0.0,0,0,0.0,0.0
1326,53.0,0,0.0,0.0,0.0,0.0,0,0,0.0,0.0
1327,53.04,0,0.0,0.0,0.0,0.0,0,0,0.0,0.0
1328,53.08,0,0.0,0.0,0.0,0.0,0,0,0.0,0.0
1329,53.12,0,0.0,0.0,0.0,0.0,0,0,0.0,0.0
1330,53.16,0,0.0,0.0,0.0,0.0,0,0,0.0,0.0
1331,53.2,0,0.0,0.0,0.0,0.0,0,0,0.0,0.0
1332,53.24,0,0.0,0.0,0.0,0.0,0,0,0.0,0.0
1333,53.28,0,0.0,0.0,0.0,0.0,0,0,0.0,0.0
1334,53.32,0,0.0,0.0,0.0,0.0,0,0,0.0,0.0
1335,53.36,0,0.0,0.0,0.0,0.0,0,0,0.0,0.0
1336,53.4,0,0.0,0.0,0.0,0.0,0,0,0.0,0.0
1337,53.44,0,0.0,0.0,0.0,0.0,0,0,0.0,0.0
1338,53.48,0,0.0,0.0,0.0,0.0,0,0,0.0,0.0
1339,53.52,0,0.0,0.0,0.0,0.0,0,0,0.0,0.0
1340,53.56,0,0.0,0.0,0.0,0.0,0,0,0.0,0.0
1341,53.6,0,0.0,0.0,0.0,0.0,0,0,0.0,0.0
1342,53.64,0,0.0,0.0,0.0,0.0,0,0,0.0,0.0
1343,53.68,0,0.0,0.0,0.0,0.0,0,0,0.0,0.0
1344,53.72,0,0.0,0.0,0.0,0.0,0,0,0.0,0.0
1345,53.76,0,0.0,0.0,0.0,0.0,0,0,0.0,0.0
1346,53.8,0,0.0,0.0,0.0,0.0,0,0,0.0,0.0
1347,53.84,0,0.0,0.0,0.0,0.0,0,0,0.0,0.0
1348,53.88,0,0.0,0.0,0.0,0.0,0,0,0.0,0.0
1349,53.92,0,0.0,0.0,0.0,0.0,0,0,0.0,0.0
1350,53.96,0,0.0,0.0,0.0,0.0,0,0,0.0,0.0
1351,54.0,0,0.0,0.0,0.0,0.0,0,0,0.0,0.0
1352,54.04,0,0.0,0.0,0.0,0.0,0,0,0.0,0.0
1353,54.08,0,0.0,0.0,0.0,0.0,0,0,0.0,0.0
1354,54.12,0,0.0,0.0,0.0,0.0,0,0,0.0,0.0
1355,54.16,0,0.0,0.0,0.0,0.0,0,0,0.0,0.0
1356,54.2,0,0.0,0.0,0.0,0.0,0,0,0.0,0.0
1357,54.24,0,0.0,0.0,0.0,0.0,0,0,0.0,0.0
1358,54.28,0,0.0,0.0,0.0,0.0,0,0,0.0,0.0
1359,54.32,0,0.0,0.0,0.0,0.0,0,0,0.0,0.0
1360,54.36,0,0.0,0.0,0.0,0.0,0,0,0.0,0.0
1361,54.4,0,0.0,0.0,0.0,0.0,0,0,0.0,0.0
1362,54.44,0,0.0,0.0,0.0,0.0,0,0,0.0,0.0
1363,54.48,0,0.0,0.0,0.0,0.0,0,0,0.0,0.0
1364,54.52,0,0.0,0.0,0.0,0.0,0,0,0.0,0.0
1365,54.56,0,0.0,0.0,0.0,0.0,0,0,0.0,0.0
1366,54.6,0,0.0,0.0,0.0,0.0,0,0,0.0,0.0
1367,54.64,0,0.0,0.0,0.0,0.0,0,0,0.0,0.0
1368,54.68,0,0.0,0.0,0.0,0.0,0,0,0.0,0.0
1369,54.72,0,0.0,0.0,0.0,0.0,0,0,0.0,0.0
1370,54.76,0,0.0,0.0,0.0,0.0,0,0,0.0,0.0
1371,54.8,0,0.0,0.0,0.0,0.0,0,0,0.0,0.0
1372,54.84,0,0.0,0.0,0.0,0.0,0,0,0.0,0.0
1373,54.88,0,0.0,0.0,0.0,0.0,0,0,0.0,0.0
1374,54.92,0,0.0,0.0,0.0,0.0,0,0,0.0,0.0
1375,54.96,0,0.0,0.0,0.0,0.0,0,0,0.0,0.0
1376,55.0,0,0.0,0.0,0.0,0.0,0,0,0.0,0.0
1377,55.04,0,0.0,0.0,0.0,0.0,0,0,0.0,0.0
1378,55.08,0,0.0,0.0,0.0,0.0,0,0,0.0,0.0
1379,55.12,0,0.0,0.0,0.0,0.0,0,0,0.0,0.0
1380,55.16,0,0.0,0.0,0.0,0.0,0,0,0.0,0.0
1381,55.2,0,0.0,0.0,0.0,0.0,0,0,0.0,0.0
1382,55.24,0,0.0,0.0,0.0,0.0,0,0,0.0,0.0
1383,55.28,0,0.0,0.0,0.0,0.0,0,0,0.0,0.0
1384,55.32,0,0.0,0.0,0.0,0.0,0,0,0.0,0.0
1385,55.36,0,0.0,0.0,0.0,0.0,0,0,0.0,0.0
1386,55.4,0,0.0,0.0,0.0,0.0,0,0,0.0,0.0
1387,55.44,0,0.0,0.0,0.0,0.0,0,0,0.0,0.0
1388,55.48,0,0.0,0.0,0.0,0.0,0,0,0.0,0.0
1389,55.52,0,0.0,0.0,0.0,0.0,0,0,0.0,0.0
1390,55.56,0,0.0,0.0,0.0,0.0,0,0,0.0,0.0
1391,55.6,0,0.0,0.0,0.0,0.0,0,0,0.0,0.0
1392,55.64,0,0.0,0.0,0.0,0.0,0,0,0.0,0.0
1393,55.68,0,0.0,0.0,0.0,0.0,0,0,0.0,0.0
1394,55.72,0,0.0,0.0,0.0,0.0,0,0,0.0,0.0
1395,55.76,0,0.0,0.0,0.0,0.0,0,0,0.0,0.0
1396,55.8,0,0.0,0.0,0.0,0.0,0,0,0.0,0.0
1397,55.84,0,0.0,0.0,0.0,0.0,0,0,0.0,0.0
1398,55.88,0,0.0,0.0,0.0,0.0,0,0,0.0,0.0
1399,55.92,0,0.0,0.0,0.0,0.0,0,0,0.0,0.0
1400,55.96,0,0.0,0.0,0.0,0.0,0,0,0.0,0.0
1401,56.0,0,0.0,0.0,0.0,0.0,0,0,0.0,0.0
1402,56.04,0,0.0,0.0,0.0,0.0,0,0,0.0,0.0
1403,56.08,0,0.0,0.0,0.0,0.0,0,0,0.0,0.0
1404,56.12,0,0.0,0.0,0.0,0.0,0,0,0.0,0.0
1405,56.16,0,0.0,0.0,0.0,0.0,0,0,0.0,0.0
1406,56.2,0,0.0,0.0,0.0,0.0,0,0,0.0,0.0
1407,56.24,0,0.0,0.0,0.0,0.0,0,0,0.0,0.0
1408,56.28,0,0.0,0.0,0.0,0.0,0,0,0.0,0.0
1409,56.32,0,0.0,0.0,0.0,0.0,0,0,0.0,0.0
1410,56.36,0,0.0,0.0,0.0,0.0,0,0,0.0,0.0
1411,56.4,0,0.0,0.0,0.0,0.0,0,0,0.0,0.0
1412,56.44,0,0.0,0.0,0.0,0.0,0,0,0.0,0.0
1413,56.48,0,0.0,0.0,0.0,0.0,0,0,0.0,0.0
1414,56.52,0,0.0,0.0,0.0,0.0,0,0,0.0,0.0
1415,56.56,0,0.0,0.0,0.0,0.0,0,0,0.0,0.0
1416,56.6,0,0.0,0.0,0.0,0.0,0,0,0.0,0.0
1417,56.64,0,0.0,0.0,0.0,0.0,0,0,0.0,0.0
1418,56.68,0,0.0,0.0,0.0,0.0,0,0,0.0,0.0
1419,56.72,0,0.0,0.0,0.0,0.0,0,0,0.0,0.0
1420,56.76,0,0.0,0.0,0.0,0.0,0,0,0.0,0.0
1421,56.8,0,0.0,0.0,0.0,0.0,0,0,0.0,0.0
1422,56.84,0,0.0,0.0,0.0,0.0,0,0,0.0,0.0
1423,56.88,0,0.0,0.0,0.0,0.0,0,0,0.0,0.0
1424,56.92,0,0.0,0.0,0.0,0.0,0,0,0.0,0.0
1425,56.96,0,0.0,0.0,0.0,0.0,0,0,0.0,0.0
1426,57.0,0,0.0,0.0,0.0,0.0,0,0,0.0,0.0
1427,57.04,0,0.0,0.0,0.0,0.0,0,0,0.0,0.0
1428,57.08,0,0.0,0.0,0.0,0.0,0,0,0.0,0.0
1429,57.12,0,0.0,0.0,0.0,0.0,0,0,0.0,0.0
1430,57.16,0,0.0,0.0,0.0,0.0,0,0,0.0,0.0
1431,57.2,0,0.0,0.0,0.0,0.0,0,0,0.0,0.0
1432,57.24,0,0.0,0.0,0.0,0.0,0,0,0.0,0.0
1433,57.28,0,0.0,0.0,0.0,0.0,0,0,0.0,0.0
1434,57.32,0,0.0,0.0,0.0,0.0,0,0,0.0,0.0
1435,57.36,0,0.0,0.0,0.0,0.0,0,0,0.0,0.0
1436,57.4,0,0.0,0.0,0.0,0.0,0,0,0.0,0.0
1437,57.44,0,0.0,0.0,0.0,0.0,0,0,0.0,0.0
1438,57.48,0,0.0,0.0,0.0,0.0,0,0,0.0,0.0
1439,57.52,0,0.0,0.0,0.0,0.0,0,0,0.0,0.0
1440,57.56,0,0.0,0.0,0.0,0.0,0,0,0.0,0.0
1441,57.6,0,0.0,0.0,0.0,0.0,0,0,0.0,0.0
1442,57.64,0,0.0,0.0,0.0,0.0,0,0,0.0,0.0
1443,57.68,0,0.0,0.0,0.0,0.0,0,0,0.0,0.0
1444,57.72,0,0.0,0.0,0.0,0.0,0,0,0.0,0.0
1445,57.76,0,0.0,0.0,0.0,0.0,0,0,0.0,0.0
1446,57.8,0,0.0,0.0,0.0,0.0,0,0,0.0,0.0
1447,57.84,0,0.0,0.0,0.0,0.0,0,0,0.0,0.0
1448,57.88,0,0.0,0.0,0.0,0.0,0,0,0.0,0.0
1449,57.92,0,0.0,0.0,0.0,0.0,0,0,0.0,0.0
1450,57.96,0,0.0,0.0,0.0,0.0,0,0,0.0,0.0
1451,58.0,0,0.0,0.0,0.0,0.0,0,0,0.0,0.0
1452,58.04,0,0.0,0.0,0.0,0.0,0,0,0.0,0.0
1453,58.08,0,0.0,0.0,0.0,0.0,0,0,0.0,0.0
1454,58.12,0,0.0,0.0,0.0,0.0,0,0,0.0,0.0
1455,58.16,0,0.0,0.0,0.0,0.0,0,0,0.0,0.0
1456,58.2,0,0.0,0.0,0.0,0.0,0,0,0.0,0.0
1457,58.24,0,0.0,0.0,0.0,0.0,0,0,0.0,0.0
1458,58.28,0,0.0,0.0,0.0,0.0,0,0,0.0,0.0
1459,58.32,0,0.0,0.0,0.0,0.0,0,0,0.0,0.0
1460,58.36,0,0.0,0.0,0.0,0.0,0,0,0.0,0.0
1461,58.4,0,0.0,0.0,0.0,0.0,0,0,0.0,0.0
1462,58.44,0,0.0,0.0,0.0,0.0,0,0,0.0,0.0
1463,58.48,0,0.0,0.0,0.0,0.0,0,0,0.0,0.0
1464,58.52,0,0.0,0.0,0.0,0.0,0,0,0.0,0.0
1465,58.56,0,0.0,0.0,0.0,0.0,0,0,0.0,0.0
1466,58.6,0,0.0,0.0,0.0,0.0,0,0,0.0,0.0
1467,58.64,0,0.0,0.0,0.0,0.0,0,0,0.0,0.0
1468,58.68,0,0.0,0.0,0.0,0.0,0,0,0.0,0.0
1469,58.72,0,0.0,0.0,0.0,0.0,0,0,0.0,0.0
1470,58.76,0,0.0,0.0,0.0,0.0,0,0,0.0,0.0
1471,58.8,0,0.0,0.0,0.0,0.0,0,0,0.0,0.0
1472,58.84,0,0.0,0.0,0.0,0.0,0,0,0.0,0.0
1473,58.88,0,0.0,0.0,0.0,0.0,0,0,0.0,0.0
1474,58.92,0,0.0,0.0,0.0,0.0,0,0,0.0,0.0
1475,58.96,0,0.0,0.0,0.0,0.0,0,0,0.0,0.0
1476,59.0,0,0.0,0.0,0.0,0.0,0,0,0.0,0.0
1477,59.04,0,0.0,0.0,0.0,0.0,0,0,0.0,0.0
1478,59.08,0,0.0,0.0,0.0,0.0,0,0,0.0,0.0
1479,59.12,0,0.0,0.0,0.0,0.0,0,0,0.0,0.0
1480,59.16,0,0.0,0.0,0.0,0.0,0,0,0.0,0.0
1481,59.2,0,0.0,0.0,0.0,0.0,0,0,0.0,0.0
1482,59.24,0,0.0,0.0,0.0,0.0,0,0,0.0,0.0
1483,59.28,0,0.0,0.0,0.0,0.0,0,0,0.0,0.0
1484,59.32,0,0.0,0.0,0.0,0.0,0,0,0.0,0.0
1485,59.36,0,0.0,0.0,0.0,0.0,0,0,0.0,0.0
1486,59.4,0,0.0,0.0,0.0,0.0,0,0,0.0,0.0
1487,59.44,0,0.0,0.0,0.0,0.0,0,0,0.0,0.0
1488,59.48,0,0.0,0.0,0.0,0.0,0,0,0.0,0.0
1489,59.52,0,0.0,0.0,0.0,0.0,0,0,0.0,0.0
1490,59.56,0,0.0,0.0,0.0,0.0,0,0,0.0,0.0
1491,59.6,0,0.0,0.0,0.0,0.0,0,0,0.0,0.0
1492,59.64,0,0.0,0.0,0.0,0.0,0,0,0.0,0.0
1493,59.68,0,0.0,0.0,0.0,0.0,0,0,0.0,0.0
1494,59.72,0,0.0,0.0,0.0,0.0,0,0,0.0,0.0
1495,59.76,0,0.0,0.0,0.0,0.0,0,0,0.0,0.0
1496,59.8,0,0.0,0.0,0.0,0.0,0,0,0.0,0.0
1497,59.84,0,0.0,0.0,0.0,0.0,0,0,0.0,0.0
1498,59.88,0,0.0,0.0,0.0,0.0,0,0,0.0,0.0
1499,59.92,0,0.0,0.0,0.0,0.0,0,0,0.0,0.0
1500,59.96,0,0.0,0.0,0.0,0.0,0,0,0.0,0.0
1501,60.0,0,0.0,0.0,0.0,0.0,0,0,0.0,0.0
1502,60.04,0,0.0,0.0,0.0,0.0,0,0,0.0,0.0
1503,60.08,0,0.0,0.0,0.0,0.0,0,0,0.0,0.0
1504,60.12,0,0.0,0.0,0.0,0.0,0,0,0.0,0.0
1505,60.16,0,0.0,0.0,0.0,0.0,0,0,0.0,0.0
1506,60.2,0,0.0,0.0,0.0,0.0,0,0,0.0,0.0
1507,60.24,0,0.0,0.0,0.0,0.0,0,0,0.0,0.0
1508,60.28,0,0.0,0.0,0.0,0.0,0,0,0.0,0.0
1509,60.32,0,0.0,0.0,0.0,0.0,0,0,0.0,0.0
1510,60.36,0,0.0,0.0,0.0,0.0,0,0,0.0,0.0
1511,60.4,0,0.0,0.0,0.0,0.0,0,0,0.0,0.0
1512,60.44,0,0.0,0.0,0.0,0.0,0,0,0.0,0.0
1513,60.48,0,0.0,0.0,0.0,0.0,0,0,0.0,0.0
1514,60.52,0,0.0,0.0,0.0,0.0,0,0,0.0,0.0
1515,60.56,0,0.0,0.0,0.0,0.0,0,0,0.0,0.0
1516,60.6,0,0.0,0.0,0.0,0.0,0,0,0.0,0.0
1517,60.64,0,0.0,0.0,0.0,0.0,0,0,0.0,0.0
1518,60.68,0,0.0,0.0,0.0,0.0,0,0,0.0,0.0
1519,60.72,0,0.0,0.0,0.0,0.0,0,0,0.0,0.0
1520,60.76,0,0.0,0.0,0.0,0.0,0,0,0.0,0.0
1521,60.8,0,0.0,0.0,0.0,0.0,0,0,0.0,0.0
1522,60.84,0,0.0,0.0,0.0,0.0,0,0,0.0,0.0
1523,60.88,0,0.0,0.0,0.0,0.0,0,0,0.0,0.0
1524,60.92,0,0.0,0.0,0.0,0.0,0,0,0.0,0.0
1525,60.96,0,0.0,0.0,0.0,0.0,0,0,0.0,0.0
1526,61.0,0,0.0,0.0,0.0,0.0,0,0,0.0,0.0
1527,61.04,0,0.0,0.0,0.0,0.0,0,0,0.0,0.0
1528,61.08,0,0.0,0.0,0.0,0.0,0,0,0.0,0.0
1529,61.12,0,0.0,0.0,0.0,0.0,0,0,0.0,0.0
1530,61.16,0,0.0,0.0,0.0,0.0,0,0,0.0,0.0
1531,61.2,0,0.0,0.0,0.0,0.0,0,0,0.0,0.0
1532,61.24,0,0.0,0.0,0.0,0.0,0,0,0.0,0.0
1533,61.28,0,0.0,0.0,0.0,0.0,0,0,0.0,0.0
1534,61.32,0,0.0,0.0,0.0,0.0,0,0,0.0,0.0
1535,61.36,0,0.0,0.0,0.0,0.0,0,0,0.0,0.0
1536,61.4,0,0.0,0.0,0.0,0.0,0,0,0.0,0.0
1537,61.44,0,0.0,0.0,0.0,0.0,0,0,0.0,0.0
1538,61.48,0,0.0,0.0,0.0,0.0,0,0,0.0,0.0
1539,61.52,0,0.0,0.0,0.0,0.0,0,0,0.0,0.0
1540,61.56,0,0.0,0.0,0.0,0.0,0,0,0.0,0.0
1541,61.6,0,0.0,0.0,0.0,0.0,0,0,0.0,0.0
1542,61.64,0,0.0,0.0,0.0,0.0,0,0,0.0,0.0
1543,61.68,0,0.0,0.0,0.0,0.0,0,0,0.0,0.0
1544,61.72,0,0.0,0.0,0.0,0.0,0,0,0.0,0.0
1545,61.76,0,0.0,0.0,0.0,0.0,0,0,0.0,0.0
1546,61.8,0,0.0,0.0,0.0,0.0,0,0,0.0,0.0
1547,61.84,0,0.0,0.0,0.0,0.0,0,0,0.0,0.0
1548,61.88,0,0.0,0.0,0.0,0.0,0,0,0.0,0.0
1549,61.92,0,0.0,0.0,0.0,0.0,0,0,0.0,0.0
1550,61.96,0,0.0,0.0,0.0,0.0,0,0,0.0,0.0
1551,62.0,0,0.0,0.0,0.0,0.0,0,0,0.0,0.0
1552,62.04,0,0.0,0.0,0.0,0.0,0,0,0.0,0.0
1553,62.08,0,0.0,0.0,0.0,0.0,0,0,0.0,0.0
1554,62.12,0,0.0,0.0,0.0,0.0,0,0,0.0,0.0
1555,62.16,0,0.0,0.0,0.0,0.0,0,0,0.0,0.0
1556,62.2,0,0.0,0.0,0.0,0.0,0,0,0.0,0.0
1557,62.24,0,0.0,0.0,0.0,0.0,0,0,0.0,0.0
1558,62.28,0,0.0,0.0,0.0,0.0,0,0,0.0,0.0
1559,62.32,0,0.0,0.0,0.0,0.0,0,0,0.0,0.0
1560,62.36,0,0.0,0.0,0.0,0.0,0,0,0.0,0.0
1561,62.4,0,0.0,0.0,0.0,0.0,0,0,0.0,0.0
1562,62.44,0,0.0,0.0,0.0,0.0,0,0,0.0,0.0
1563,62.48,0,0.0,0.0,0.0,0.0,0,0,0.0,0.0
1564,62.52,0,0.0,0.0,0.0,0.0,0,0,0.0,0.0
1565,62.56,0,0.0,0.0,0.0,0.0,0,0,0.0,0.0
1566,62.6,0,0.0,0.0,0.0,0.0,0,0,0.0,0.0
1567,62.64,0,0.0,0.0,0.0,0.0,0,0,0.0,0.0
1568,62.68,0,0.0,0.0,0.0,0.0,0,0,0.0,0.0
1569,62.72,0,0.0,0.0,0.0,0.0,0,0,0.0,0.0
1570,62.76,0,0.0,0.0,0.0,0.0,0,0,0.0,0.0
1571,62.8,0,0.0,0.0,0.0,0.0,0,0,0.0,0.0
1572,62.84,0,0.0,0.0,0.0,0.0,0,0,0.0,0.0
1573,62.88,0,0.0,0.0,0.0,0.0,0,0,0.0,0.0
1574,62.92,0,0.0,0.0,0.0,0.0,0,0,0.0,0.0
1575,62.96,0,0.0,0.0,0.0,0.0,0,0,0.0,0.0
1576,63.0,0,0.0,0.0,0.0,0.0,0,0,0.0,0.0
1577,63.04,0,0.0,0.0,0.0,0.0,0,0,0.0,0.0
1578,63.08,0,0.0,0.0,0.0,0.0,0,0,0.0,0.0
1579,63.12,0,0.0,0.0,0.0,0.0,0,0,0.0,0.0
1580,63.16,0,0.0,0.0,0.0,0.0,0,0,0.0,0.0
1581,63.2,0,0.0,0.0,0.0,0.0,0,0,0.0,0.0
1582,63.24,0,0.0,0.0,0.0,0.0,0,0,0.0,0.0
1583,63.28,0,0.0,0.0,0.0,0.0,0,0,0.0,0.0
1584,63.32,0,0.0,0.0,0.0,0.0,0,0,0.0,0.0
1585,63.36,0,0.0,0.0,0.0,0.0,0,0,0.0,0.0
1586,63.4,0,0.0,0.0,0.0,0.0,0,0,0.0,0.0
1587,63.44,0,0.0,0.0,0.0,0.0,0,0,0.0,0.0
1588,63.48,0,0.0,0.0,0.0,0.0,0,0,0.0,0.0
1589,63.52,0,0.0,0.0,0.0,0.0,0,0,0.0,0.0
1590,63.56,0,0.0,0.0,0.0,0.0,0,0,0.0,0.0
1591,63.6,0,0.0,0.0,0.0,0.0,0,0,0.0,0.0
1592,63.64,0,0.0,0.0,0.0,0.0,0,0,0.0,0.0
1593,63.68,0,0.0,0.0,0.0,0.0,0,0,0.0,0.0
1594,63.72,0,0.0,0.0,0.0,0.0,0,0,0.0,0.0
1595,63.76,0,0.0,0.0,0.0,0.0,0,0,0.0,0.0
1596,63.8,0,0.0,0.0,0.0,0.0,0,0,0.0,0.0
1597,63.84,0,0.0,0.0,0.0,0.0,0,0,0.0,0.0
1598,63.88,0,0.0,0.0,0.0,0.0,0,0,0.0,0.0
1599,63.92,0,0.0,0.0,0.0,0.0,0,0,0.0,0.0
1600,63.96,0,0.0,0.0,0.0,0.0,0,0,0.0,0.0
1601,64.0,0,0.0,0.0,0.0,0.0,0,0,0.0,0.0
1602,64.04,0,0.0,0.0,0.0,0.0,0,0,0.0,0.0
1603,64.08,0,0.0,0.0,0.0,0.0,0,0,0.0,0.0
1604,64.12,0,0.0,0.0,0.0,0.0,0,0,0.0,0.0
1605,64.16,0,0.0,0.0,0.0,0.0,0,0,0.0,0.0
1606,64.2,0,0.0,0.0,0.0,0.0,0,0,0.0,0.0
1607,64.24,0,0.0,0.0,0.0,0.0,0,0,0.0,0.0
1608,64.28,0,0.0,0.0,0.0,0.0,0,0,0.0,0.0
1609,64.32,0,0.0,0.0,0.0,0.0,0,0,0.0,0.0
1610,64.36,0,0.0,0.0,0.0,0.0,0,0,0.0,0.0
1611,64.4,0,0.0,0.0,0.0,0.0,0,0,0.0,0.0
1612,64.44,0,0.0,0.0,0.0,0.0,0,0,0.0,0.0
1613,64.48,0,0.0,0.0,0.0,0.0,0,0,0.0,0.0
1614,64.52,0,0.0,0.0,0.0,0.0,0,0,0.0,0.0
1615,64.56,0,0.0,0.0,0.0,0.0,0,0,0.0,0.0
1616,64.6,0,0.0,0.0,0.0,0.0,0,0,0.0,0.0
1617,64.64,0,0.0,0.0,0.0,0.0,0,0,0.0,0.0
1618,64.68,0,0.0,0.0,0.0,0.0,0,0,0.0,0.0
1619,64.72,0,0.0,0.0,0.0,0.0,0,0,0.0,0.0
1620,64.76,0,0.0,0.0,0.0,0.0,0,0,0.0,0.0
1621,64.8,0,0.0,0.0,0.0,0.0,0,0,0.0,0.0
1622,64.84,0,0.0,0.0,0.0,0.0,0,0,0.0,0.0
1623,64.88,0,0.0,0.0,0.0,0.0,0,0,0.0,0.0
1624,64.92,0,0.0,0.0,0.0,0.0,0,0,0.0,0.0
1625,64.96,0,0.0,0.0,0.0,0.0,0,0,0.0,0.0
1626,65.0,0,0.0,0.0,0.0,0.0,0,0,0.0,0.0
1627,65.04,0,0.0,0.0,0.0,0.0,0,0,0.0,0.0
1628,65.08,0,0.0,0.0,0.0,0.0,0,0,0.0,0.0
1629,65.12,0,0.0,0.0,0.0,0.0,0,0,0.0,0.0
1630,65.16,0,0.0,0.0,0.0,0.0,0,0,0.0,0.0
1631,65.2,0,0.0,0.0,0.0,0.0,0,0,0.0,0.0
1632,65.24,0,0.0,0.0,0.0,0.0,0,0,0.0,0.0
1633,65.28,0,0.0,0.0,0.0,0.0,0,0,0.0,0.0
1634,65.32,0,0.0,0.0,0.0,0.0,0,0,0.0,0.0
1635,65.36,0,0.0,0.0,0.0,0.0,0,0,0.0,0.0
1636,65.4,0,0.0,0.0,0.0,0.0,0,0,0.0,0.0
1637,65.44,0,0.0,0.0,0.0,0.0,0,0,0.0,0.0
1638,65.48,0,0.0,0.0,0.0,0.0,0,0,0.0,0.0
1639,65.52,0,0.0,0.0,0.0,0.0,0,0,0.0,0.0
1640,65.56,0,0.0,0.0,0.0,0.0,0,0,0.0,0.0
1641,65.6,0,0.0,0.0,0.0,0.0,0,0,0.0,0.0
1642,65.64,0,0.0,0.0,0.0,0.0,0,0,0.0,0.0
1643,65.68,0,0.0,0.0,0.0,0.0,0,0,0.0,0.0
1644,65.72,0,0.0,0.0,0.0,0.0,0,0,0.0,0.0
1645,65.76,0,0.0,0.0,0.0,0.0,0,0,0.0,0.0
1646,65.8,0,0.0,0.0,0.0,0.0,0,0,0.0,0.0
1647,65.84,0,0.0,0.0,0.0,0.0,0,0,0.0,0.0
1648,65.88,0,0.0,0.0,0.0,0.0,0,0,0.0,0.0
1649,65.92,0,0.0,0.0,0.0,0.0,0,0,0.0,0.0
1650,65.96,0,0.0,0.0,0.0,0.0,0,0,0.0,0.0
1651,66.0,0,0.0,0.0,0.0,0.0,0,0,0.0,0.0
1652,66.04,0,0.0,0.0,0.0,0.0,0,0,0.0,0.0
1653,66.08,0,0.0,0.0,0.0,0.0,0,0,0.0,0.0
1654,66.12,0,0.0,0.0,0.0,0.0,0,0,0.0,0.0
1655,66.16,0,0.0,0.0,0.0,0.0,0,0,0.0,0.0
1656,66.2,0,0.0,0.0,0.0,0.0,0,0,0.0,0.0
1657,66.24,0,0.0,0.0,0.0,0.0,0,0,0.0,0.0
1658,66.28,0,0.0,0.0,0.0,0.0,0,0,0.0,0.0
1659,66.32,0,0.0,0.0,0.0,0.0,0,0,0.0,0.0
1660,66.36,0,0.0,0.0,0.0,0.0,0,0,0.0,0.0
1661,66.4,0,0.0,0.0,0.0,0.0,0,0,0.0,0.0
1662,66.44,0,0.0,0.0,0.0,0.0,0,0,0.0,0.0
1663,66.48,0,0.0,0.0,0.0,0.0,0,0,0.0,0.0
1664,66.52,0,0.0,0.0,0.0,0.0,0,0,0.0,0.0
1665,66.56,0,0.0,0.0,0.0,0.0,0,0,0.0,0.0
1666,66.6,0,0.0,0.0,0.0,0.0,0,0,0.0,0.0
1667,66.64,0,0.0,0.0,0.0,0.0,0,0,0.0,0.0
1668,66.68,0,0.0,0.0,0.0,0.0,0,0,0.0,0.0
1669,66.72,0,0.0,0.0,0.0,0.0,0,0,0.0,0.0
1670,66.76,0,0.0,0.0,0.0,0.0,0,0,0.0,0.0
1671,66.8,0,0.0,0.0,0.0,0.0,0,0,0.0,0.0
1672,66.84,0,0.0,0.0,0.0,0.0,0,0,0.0,0.0
1673,66.88,0,0.0,0.0,0.0,0.0,0,0,0.0,0.0
1674,66.92,0,0.0,0.0,0.0,0.0,0,0,0.0,0.0
1675,66.96,0,0.0,0.0,0.0,0.0,0,0,0.0,0.0
1676,67.0,0,0.0,0.0,0.0,0.0,0,0,0.0,0.0
1677,67.04,0,0.0,0.0,0.0,0.0,0,0,0.0,0.0
1678,67.08,0,0.0,0.0,0.0,0.0,0,0,0.0,0.0
1679,67.12,0,0.0,0.0,0.0,0.0,0,0,0.0,0.0
1680,67.16,0,0.0,0.0,0.0,0.0,0,0,0.0,0.0
1681,67.2,0,0.0,0.0,0.0,0.0,0,0,0.0,0.0
1682,67.24,0,0.0,0.0,0.0,0.0,0,0,0.0,0.0
1683,67.28,0,0.0,0.0,0.0,0.0,0,0,0.0,0.0
1684,67.32,0,0.0,0.0,0.0,0.0,0,0,0.0,0.0
1685,67.36,0,0.0,0.0,0.0,0.0,0,0,0.0,0.0
1686,67.4,0,0.0,0.0,0.0,0.0,0,0,0.0,0.0
1687,67.44,0,0.0,0.0,0.0,0.0,0,0,0.0,0.0
1688,67.48,0,0.0,0.0,0.0,0.0,0,0,0.0,0.0
1689,67.52,0,0.0,0.0,0.0,0.0,0,0,0.0,0.0
1690,67.56,0,0.0,0.0,0.0,0.0,0,0,0.0,0.0
1691,67.6,0,0.0,0.0,0.0,0.0,0,0,0.0,0.0
1692,67.64,0,0.0,0.0,0.0,0.0,0,0,0.0,0.0
1693,67.68,0,0.0,0.0,0.0,0.0,0,0,0.0,0.0
1694,67.72,0,0.0,0.0,0.0,0.0,0,0,0.0,0.0
1695,67.76,0,0.0,0.0,0.0,0.0,0,0,0.0,0.0
1696,67.8,0,0.0,0.0,0.0,0.0,0,0,0.0,0.0
1697,67.84,0,0.0,0.0,0.0,0.0,0,0,0.0,0.0
1698,67.88,0,0.0,0.0,0.0,0.0,0,0,0.0,0.0
1699,67.92,0,0.0,0.0,0.0,0.0,0,0,0.0,0.0
1700,67.96,0,0.0,0.0,0.0,0.0,0,0,0.0,0.0
1701,68.0,0,0.0,0.0,0.0,0.0,0,0,0.0,0.0
1702,68.04,0,0.0,0.0,0.0,0.0,0,0,0.0,0.0
1703,68.08,0,0.0,0.0,0.0,0.0,0,0,0.0,0.0
1704,68.12,0,0.0,0.0,0.0,0.0,0,0,0.0,0.0
1705,68.16,0,0.0,0.0,0.0,0.0,0,0,0.0,0.0
1706,68.2,0,0.0,0.0,0.0,0.0,0,0,0.0,0.0
1707,68.24,0,0.0,0.0,0.0,0.0,0,0,0.0,0.0
1708,68.28,0,0.0,0.0,0.0,0.0,0,0,0.0,0.0
1709,68.32,0,0.0,0.0,0.0,0.0,0,0,0.0,0.0
1710,68.36,0,0.0,0.0,0.0,0.0,0,0,0.0,0.0
1711,68.4,0,0.0,0.0,0.0,0.0,0,0,0.0,0.0
1712,68.44,0,0.0,0.0,0.0,0.0,0,0,0.0,0.0
1713,68.48,0,0.0,0.0,0.0,0.0,0,0,0.0,0.0
1714,68.52,0,0.0,0.0,0.0,0.0,0,0,0.0,0.0
1715,68.56,0,0.0,0.0,0.0,0.0,0,0,0.0,0.0
1716,68.6,0,0.0,0.0,0.0,0.0,0,0,0.0,0.0
1717,68.64,0,0.0,0.0,0.0,0.0,0,0,0.0,0.0
1718,68.68,0,0.0,0.0,0.0,0.0,0,0,0.0,0.0
1719,68.72,0,0.0,0.0,0.0,0.0,0,0,0.0,0.0
1720,68.76,0,0.0,0.0,0.0,0.0,0,0,0.0,0.0
1721,68.8,0,0.0,0.0,0.0,0.0,0,0,0.0,0.0
1722,68.84,0,0.0,0.0,0.0,0.0,0,0,0.0,0.0
1723,68.88,0,0.0,0.0,0.0,0.0,0,0,0.0,0.0
1724,68.92,0,0.0,0.0,0.0,0.0,0,0,0.0,0.0
1725,68.96,0,0.0,0.0,0.0,0.0,0,0,0.0,0.0
1726,69.0,0,0.0,0.0,0.0,0.0,0,0,0.0,0.0
1727,69.04,0,0.0,0.0,0.0,0.0,0,0,0.0,0.0
1728,69.08,0,0.0,0.0,0.0,0.0,0,0,0.0,0.0
1729,69.12,0,0.0,0.0,0.0,0.0,0,0,0.0,0.0
1730,69.16,0,0.0,0.0,0.0,0.0,0,0,0.0,0.0
1731,69.2,0,0.0,0.0,0.0,0.0,0,0,0.0,0.0
1732,69.24,0,0.0,0.0,0.0,0.0,0,0,0.0,0.0
1733,69.28,0,0.0,0.0,0.0,0.0,0,0,0.0,0.0
1734,69.32,0,0.0,0.0,0.0,0.0,0,0,0.0,0.0
1735,69.36,0,0.0,0.0,0.0,0.0,0,0,0.0,0.0
1736,69.4,0,0.0,0.0,0.0,0.0,0,0,0.0,0.0
1737,69.44,0,0.0,0.0,0.0,0.0,0,0,0.0,0.0
1738,69.48,0,0.0,0.0,0.0,0.0,0,0,0.0,0.0
1739,69.52,0,0.0,0.0,0.0,0.0,0,0,0.0,0.0
1740,69.56,0,0.0,0.0,0.0,0.0,0,0,0.0,0.0
1741,69.6,0,0.0,0.0,0.0,0.0,0,0,0.0,0.0
1742,69.64,0,0.0,0.0,0.0,0.0,0,0,0.0,0.0
1743,69.68,0,0.0,0.0,0.0,0.0,0,0,0.0,0.0
1744,69.72,0,0.0,0.0,0.0,0.0,0,0,0.0,0.0
1745,69.76,0,0.0,0.0,0.0,0.0,0,0,0.0,0.0
1746,69.8,0,0.0,0.0,0.0,0.0,0,0,0.0,0.0
1747,69.84,0,0.0,0.0,0.0,0.0,0,0,0.0,0.0
1748,69.88,0,0.0,0.0,0.0,0.0,0,0,0.0,0.0
1749,69.92,8,75.02185821533203,,0.0,,1,False,0.40968552231788635,0.0
1750,69.96,8,76.11568450927734,,0.0,,2,False,0.4110303521156311,0.9521813988685608
1751,70.0,8,78.21261596679688,,0.0,,3,False,0.44807595014572144,0.9244664311408997
1752,70.04,0,0.0,0.0,0.0,0.0,0,0,0.0,0.0
1753,70.08,0,0.0,0.0,0.0,0.0,0,0,0.0,0.0
1754,70.12,8,76.94052124023438,,0.0,,4,False,0.4053695797920227,0.9020307660102844
1755,70.16,8,78.1861801147461,9.165480599474517,0.0,0.4789289264318165,5,False,0.4780108630657196,0.8632146716117859
1756,70.2,8,79.67559814453125,9.087006013784809,0.0,0.4778696682249717,5,False,0.4050087332725525,0.8863813877105713
1757,70.24,0,0.0,0.0,0.0,0.0,0,0,0.0,0.0
1758,70.28,8,79.24198150634766,5.654791931607807,0.0,0.30243094705921525,5,False,0.4109481871128082,0.943839430809021
1759,70.32,8,80.06398010253906,13.031070176945109,0.0,0.7311194011132094,5,False,0.44371888041496277,0.9277613162994385
1760,70.36,8,80.32052612304688,8.416572836942457,0.0,0.6925725521286574,5,False,0.41476520895957947,0.9481350183486938
1761,70.4,8,80.74153137207031,5.985703339447917,0.0,0.6349766080068584,5,False,0.4403054714202881,0.9616847038269043
1762,70.44,8,80.16577911376953,6.312866210937508,0.0,0.530574117554595,5,False,0.4265270531177521,0.9820010662078857
1763,70.48,8,80.5517578125,2.052021026611238,0.0,0.2181295943059487,5,False,0.46060311794281006,0.9475616812705994
1764,70.52,8,79.96107482910156,-2.271690368652489,0.0,0.21725632729083522,5,False,0.41862162947654724,0.9477028846740723
1765,70.56,8,80.55947875976562,-1.4220237731935004,0.0,0.0784275067681206,5,False,0.4495692253112793,0.9760408997535706
1766,70.6,8,81.18819427490234,5.131378173828097,0.0,0.47826517610338937,5,False,0.450136661529541,0.9749823808670044
1767,70.64,8,81.31376647949219,6.877841949462821,0.0,0.6298518483836058,5,False,0.48046258091926575,0.9515206813812256
1768,70.68,8,82.06924438476562,12.426567077636525,6.604337615692878,0.9693288228104278,5,False,0.4682217538356781,0.9800779223442078
1769,70.72,8,83.08316040039062,14.821033477783168,5.605760254501338,0.9384784390131834,5,False,0.42503243684768677,0.9484540224075317
1770,70.76,8,83.58012390136719,16.383132934570266,5.101595905689299,0.9543414768163673,5,False,0.4082191288471222,0.9748575687408447
1771,70.8,0,0.0,0.0,0.0,0.0,0,0,0.0,0.0
1772,70.84,8,83.70182800292969,12.2283883996911,6.844878103891766,0.8366552543017489,5,False,0.41721993684768677,0.9689674973487854
1773,70.88,8,84.10540771484375,8.54988985283419,9.837016518635474,0.8210872919295802,5,False,0.4106404781341553,0.9849045276641846
1774,70.92,8,82.78438568115234,0.24187842080738725,0.0,0.0014804928907475867,5,False,0.4220660328865051,0.953663170337677
1775,70.96,8,84.5146484375,1.8729081024994634,0.0,0.04962673440780463,5,False,0.40399566292762756,0.9498062133789062
1776,71.0,8,84.83650970458984,6.6965103149412135,0.0,0.28228910527296913,5,False,0.4410421848297119,0.9493662714958191
1777,71.04,8,85.92003631591797,14.203453063964716,0.0,0.6200164063532645,5,False,0.46563589572906494,0.9551648497581482
1778,71.08,8,85.6458969116211,17.821025848388658,4.805890392632197,0.8333399994199856,5,False,0.4867514371871948,0.9590939283370972
1779,71.12,8,86.13307189941406,10.115585327148475,8.514887583247194,0.8314198192006994,5,False,0.47329285740852356,0.9448270797729492
1780,71.16,8,86.71268463134766,9.913463592529352,8.746961525807501,0.8284311150223309,5,False,0.4848293364048004,0.9285372495651245
1781,71.2,8,84.24522399902344,-5.707092285156302,0.0,0.15437025570429463,5,False,0.4787520468235016,0.9289026856422424
1782,71.24,8,83.86842346191406,-13.606986999511715,0.0,0.49629135113833245,5,False,0.5163038372993469,0.956915557384491
1783,71.28,8,85.10155487060547,-12.268238067626914,0.0,0.4114759641445964,5,False,0.4899124205112457,0.9644320607185364
1784,71.32,8,87.39512634277344,5.553035736083902,0.0,0.052203337486530166,5,False,0.5411603450775146,0.958065390586853
1785,71.36,8,88.24192810058594,28.80027770996106,3.063926292282452,0.87661704999028,5,False,0.4989811182022095,0.9640524387359619
1786,71.4,8,88.30218505859375,30.019741058349457,2.9414705772098615,0.9051001086118992,5,False,0.5079028606414795,0.9780212640762329
1787,71.44,8,88.19660949707031,17.742919921874808,0.0,0.6780186080393006,5,False,0.5644808411598206,0.9038673639297485
1788,71.48,8,89.36648559570312,9.743499755859334,0.0,0.7709528797158527,5,False,0.5044565200805664,0.9460390210151672
1789,71.52,8,87.87818145751953,0.8420181274413638,0.0,0.008846752855125373,5,False,0.5364100933074951,0.9239202737808228
1790,71.56,8,88.56465148925781,0.5162620544434984,0.0,0.003369893271672919,5,False,0.48321256041526794,0.9760338664054871
1791,71.6,8,89.42261505126953,4.1254425048827486,0.0,0.14238636718175635,5,False,0.4950736165046692,0.9556429386138916
1792,71.64,8,91.18600463867188,12.958679199218844,0.0,0.4377792075795153,5,False,0.5027077198028564,0.9777302742004395
1793,71.68,8,90.24796295166016,18.40229034423838,0.0,0.7846737243925919,5,False,0.514488160610199,0.9769419431686401
1794,71.72,8,90.97821044921875,14.131164550781072,0.0,0.6674855556765442,5,False,0.4847504794597626,0.9742339253425598
1795,71.76,8,90.259033203125,3.662605285644515,0.0,0.11014607112238584,5,False,0.4977670907974243,0.9769642353057861
1796,71.8,8,92.10508728027344,4.6230888366696385,0.0,0.14484774938448974,5,False,0.5001904964447021,0.9632856845855713
1797,71.84,8,92.21794891357422,12.667121887207074,0.0,0.6959265475604238,5,False,0.5275147557258606,0.9712351560592651
1798,71.88,8,94.397705078125,21.994762420654215,0.0,0.7832580251825874,5,False,0.5217514634132385,0.9553337693214417
1799,71.92,8,92.8477783203125,18.675270080566264,0.0,0.6277536042291768,5,False,0.5850915312767029,0.9417122602462769
1800,71.96,8,94.58756256103516,13.98694992065412,0.0,0.5547686408340204,5,False,0.5513160824775696,0.9531466960906982
1801,72.0,8,94.86265563964844,13.698177337646403,0.0,0.5443907907484926,5,False,0.5907630324363708,0.9498478770256042
1802,72.04,8,96.28306579589844,14.463996887206985,0.0,0.5566827951114272,5,False,0.5823543667793274,0.9606654047966003
1803,72.08,8,94.21076965332031,11.053714752197214,0.0,0.31969978194112847,5,False,0.6042867302894592,0.9628435969352722
1804,72.12,8,92.8153305053711,-10.490875244140735,0.0,0.28279853576570135,5,False,0.5807268619537354,0.9681968092918396
1805,72.16,8,94.19454956054688,-12.009868621826202,0.0,0.36502185061634085,5,False,0.5617954134941101,0.9630711674690247
1806,72.2,8,95.2821044921875,-5.045356750488394,0.0,0.05998611439334167,5,False,0.5937403440475464,0.9762840867042542
1807,72.24,8,96.45198059082031,17.37298965454083,0.0,0.6529715491858784,5,False,0.5786216259002686,0.9578019380569458
1808,72.28,8,95.67469787597656,19.940414428710717,0.0,0.7955397281594407,5,False,0.5960394144058228,0.9835270643234253
1809,72.32,8,96.163330078125,10.825386047363107,0.0,0.6020786089461917,5,False,0.5567354559898376,0.9401371479034424
1810,72.36,8,96.03450012207031,3.040351867675533,0.0,0.17983967915170174,5,False,0.540182888507843,0.9354100823402405
1811,72.4,8,95.97664642333984,-1.477165222168207,0.0,0.1089709711325616,5,False,0.5575140714645386,0.9132755398750305
1812,72.44,8,97.83969116210938,10.358257293701072,0.0,0.5822774264770192,5,False,0.5397304892539978,0.9619820713996887
1813,72.48,8,97.89058685302734,13.149261474609213,0.0,0.7025416040537382,5,False,0.5454878807067871,0.9584528803825378
1814,72.52,8,99.01256561279297,19.675178527831847,5.032359196778475,0.895991329661809,5,False,0.5543317794799805,0.9662235379219055
1815,72.56,8,98.16275787353516,13.862743377685476,0.0,0.623246893455768,5,False,0.5690983533859253,0.9783497452735901
1816,72.6,8,99.92803955078125,11.122169494628654,0.0,0.6183429192867669,5,False,0.5819891095161438,0.9710003733634949
1817,72.64,8,100.35101318359375,14.590816497802518,0.0,0.7413600916245425,5,False,0.5618937611579895,0.962287425994873
1818,72.68,8,99.65560913085938,8.68585586547849,0.0,0.4123977293061514,5,False,0.558610200881958,0.9855191707611084
1819,72.72,8,99.8758544921875,7.884407043457059,0.0,0.3531610786819148,5,False,0.571973443031311,0.9853499531745911
1820,72.76,8,100.56730651855469,2.008438110351486,0.0,0.11614551195114009,5,False,0.5409558415412903,0.9829872250556946
1821,72.8,8,102.2139663696289,11.59400939941388,0.0,0.5295296293142272,5,False,0.5522269010543823,0.969030499458313
1822,72.84,8,101.48947143554688,15.01459121704089,0.0,0.7699598733452966,5,False,0.5701319575309753,0.9632074236869812
1823,72.88,8,101.8790512084961,12.321395874023622,0.0,0.6518255150263252,5,False,0.5437398552894592,0.9629203081130981
1824,72.92,8,103.99478149414062,16.30008697509753,0.0,0.6696064175562717,5,False,0.5547892451286316,0.9368561506271362
1825,72.96,8,104.81686401367188,19.27776336669903,0.0,0.7101328868258581,5,False,0.5249457359313965,0.9118629693984985
1826,73.0,8,107.23316955566406,36.06302261352537,2.9734936725865695,0.9522099630678295,5,False,0.5205363631248474,0.9009379148483276
1827,73.04,8,106.43494415283203,30.875434875488406,3.4472370861188844,0.859392534482679,5,False,0.5501620173454285,0.9370880722999573
1828,73.08,8,104.45208740234375,6.331729888916212,0.0,0.0839167852275583,5,False,0.5674785375595093,0.8986337184906006
1829,73.12,8,103.07261657714844,-15.673942565917999,0.0,0.3609256622035212,5,False,0.5260727405548096,0.9586057662963867
1830,73.16,8,104.57568359375,-21.69324874877928,0.0,0.6769322765196695,5,False,0.555401086807251,0.9491092562675476
1831,73.2,8,104.15579986572266,-11.086730957031302,0.0,0.3332952328339994,5,False,0.5821399688720703,0.9456778168678284
1832,73.24,8,105.00552368164062,5.47513961791962,0.0,0.22701332559671117,5,False,0.5859065055847168,0.9595977067947388
1833,73.28,8,103.78028869628906,4.61296081542963,0.0,0.15437501678806564,5,False,0.6108245253562927,0.9596350789070129
1834,73.32,8,104.54769897460938,-1.0787010192871775,0.0,0.02159381938356142,5,False,0.5798789858818054,0.9466776847839355
1835,73.36,8,105.88597106933594,7.5062942504882155,0.0,0.3386619864513595,5,False,0.6206749677658081,0.9594099521636963
1836,73.4,8,104.53971862792969,2.935180664062565,0.0,0.05788894963673674,5,False,0.6082402467727661,0.9733530282974243
1837,73.44,8,106.06261444091797,11.391677856445385,0.0,0.5447563065353951,5,False,0.6210546493530273,0.97249436378479
1838,73.48,8,106.35710144042969,9.488620758056367,0.0,0.4759192633367496,5,False,0.5737584829330444,0.980465829372406
1839,73.52,8,110.52906799316406,27.7589416503905,0.0,0.6010626112672293,5,False,0.5646960139274597,0.9422829151153564
1840,73.56,8,111.13478088378906,44.14144515991174,2.517696928163085,0.909699187962784,5,False,0.6174470782279968,0.9712784886360168
1841,73.6,8,112.97283935546875,46.49532318115218,2.429767805147004,0.9237001760074499,5,False,0.5936709046363831,0.9495375156402588
1842,73.64,8,112.18448638916016,35.24635314941407,0.0,0.7521198696393329,5,False,0.6152907609939575,0.9616365432739258
1843,73.68,8,115.35343933105469,26.746120452880724,4.312903605376174,0.8064618117812714,5,False,0.6106647253036499,0.9141156673431396
1844,73.72,8,115.38888549804688,27.22202301025392,4.2388064051882735,0.8141876576128987,5,False,0.6544845700263977,0.9373642802238464
1845,73.76,8,121.475830078125,50.525951385498,0.0,0.7689308800548644,5,False,0.626577615737915,0.8809080719947815
1846,73.8,8,118.76194763183594,48.19328308105453,0.0,0.7292314174087002,5,False,0.6406173706054688,0.9374749064445496
1847,73.84,8,120.49624633789062,34.14669036865221,0.0,0.5779504516848952,5,False,0.6341145634651184,0.9313220977783203
1848,73.88,8,120.78609466552734,24.53708648681626,0.0,0.40261074070907454,5,False,0.6496747732162476,0.944208562374115
1849,73.92,8,122.48871612548828,10.124797821044707,0.0,0.2171104144804229,5,False,0.6616622805595398,0.9540955424308777
1850,73.96,8,123.03047943115234,26.323833465576225,4.673729591552072,0.9571035099502949,5,False,0.632139265537262,0.963677167892456
1851,74.0,8,123.944580078125,22.852630615234013,5.423646063552137,0.9598256812319952,5,False,0.6461679339408875,0.9081859588623047
1852,74.04,8,120.97518157958984,4.585094451904259,0.0,0.04604148052015755,5,False,0.6941792368888855,0.904996931552887
1853,74.08,8,119.41752624511719,-20.494194030761992,0.0,0.5251205403823795,5,False,0.683344841003418,0.9031772017478943
1854,74.12,8,126.96487426757812,8.354339599608894,0.0,0.03337644408037088,5,False,0.6721087694168091,0.932057797908783
1855,74.16,8,122.91255187988281,9.814090728759542,0.0,0.046097101041790434,5,False,0.6501767635345459,0.9171343445777893
1856,74.2,8,118.64779663085938,-2.8993606567386125,0.0,0.003042640755081316,5,False,0.6752368807792664,0.8609446287155151
1857,74.24,8,124.84236907958984,6.331520080566322,0.0,0.012849575486060028,5,False,0.6700637936592102,0.9111073017120361
1858,74.28,8,121.86798858642578,-20.659885406494343,0.0,0.17362218600510493,5,False,0.6812974214553833,0.9582456946372986
1859,74.32,8,127.91072845458984,33.041362762451115,0.0,0.3680418871675317,5,False,0.6783723831176758,0.9042766690254211
1860,74.36,8,125.07505798339844,39.807205200195206,0.0,0.5090905183532113,5,False,0.7175847887992859,0.9050843715667725
1861,74.4,8,124.98604583740234,8.736057281493915,0.0,0.06675477773950567,5,False,0.6812857985496521,0.9164974689483643
1862,74.44,8,127.4668960571289,20.68283081054657,0.0,0.2936400827210497,5,False,0.7113920450210571,0.9028362035751343
1863,74.48,8,130.3958740234375,18.405323028564464,0.0,0.2683018657101365,5,False,0.7000142931938171,0.9525212049484253
1864,74.52,8,131.8247833251953,47.27319717407217,2.788573466689428,0.9340681552039543,5,False,0.702963650226593,0.9287665486335754
1865,74.56,8,131.47012329101562,43.3151054382321,3.035202661078448,0.8769845984982481,5,False,0.6779250502586365,0.9522220492362976
1866,74.6,8,132.10707092285156,25.88649749755844,0.0,0.7459941664544496,5,False,0.6698992252349854,0.9416452050209045
1867,74.64,8,134.62440490722656,21.848373413085902,0.0,0.7835069980618519,5,False,0.7015623450279236,0.9271045923233032
1868,74.68,8,137.03204345703125,33.92200469970675,4.039621026826161,0.8158253784350185,5,False,0.731979489326477,0.9574987888336182
1869,74.72,8,136.90260314941406,39.47483062744109,3.468098557318335,0.9207199752147965,5,False,0.7332338094711304,0.9661132097244263
1870,74.76,8,136.61764526367188,28.248367309570124,0.0,0.7159546565265735,5,False,0.7457330226898193,0.9786189198493958
1871,74.8,8,142.31930541992188,37.43850708007815,0.0,0.6827043878635954,5,False,0.7321810722351074,0.9397189617156982
1872,74.84,8,145.08656311035156,53.81435394287093,0.0,0.7689122160814144,5,False,0.7553860545158386,0.9607374668121338
1873,74.88,8,144.61724853515625,59.74552154540982,2.420553788709323,0.8466156891284349,5,False,0.7477841377258301,0.9801240563392639
1874,74.92,8,144.15350341796875,43.42414855956999,0.0,0.6217575437236076,5,False,0.7406831979751587,0.9898174405097961
1875,74.96,8,147.81658935546875,25.153770446777393,0.0,0.6412438342396315,5,False,0.7508777379989624,0.9349492192268372
1876,75.0,8,147.43798828125,19.75547790527319,0.0,0.5493994677108867,5,False,0.7421788573265076,0.9467582702636719
1877,75.04,8,146.9168243408203,19.70909118652338,0.0,0.5474767822399683,5,False,0.7250261902809143,0.9763535261154175
1878,75.08,8,147.31533813476562,13.559761047363255,0.0,0.33823337628285344,5,False,0.7289194464683533,0.9599645733833313
1879,75.12,8,149.27166748046875,6.968765258788755,0.0,0.23543492336546423,5,False,0.7311244606971741,0.9477072358131409
1880,75.16,8,150.65423583984375,21.968345642089666,0.0,0.763732600358102,5,False,0.7391238212585449,0.9703938961029053
1881,75.2,8,153.29180908203125,40.222167968750014,3.8111274658573584,0.9514067479142514,5,False,0.7207975387573242,0.9584154486656189
1882,75.24,8,154.49017333984375,45.92453002929654,3.364001182838238,0.989096031032585,5,False,0.7383496165275574,0.9669639468193054
1883,75.28,8,154.2473602294922,34.46830749511711,4.475048861953647,0.8878307182421137,5,False,0.7157391905784607,0.9821330904960632
1884,75.32,8,162.36573791503906,60.94638824462884,0.0,0.7730050449948922,5,False,0.7129472494125366,0.9252694249153137
1885,75.36,8,164.01205444335938,73.29013824462872,2.2378461600920705,0.8322556819087644,5,False,0.7096097469329834,0.9708539247512817
1886,75.4,8,158.73776245117188,45.64968109130857,0.0,0.42109122979647406,5,False,0.7102673053741455,0.9231550097465515
1887,75.44,8,152.8629913330078,-15.99178314208988,0.0,0.04296794498521672,5,False,0.7143920660018921,0.9516785740852356
1888,75.48,8,161.1986083984375,-33.70830535888712,0.0,0.2407159824290852,5,False,0.7078489661216736,0.9195644855499268
1889,75.52,8,162.36566162109375,-2.079849243164144,0.0,0.0009164251948742264,5,False,0.6967097520828247,0.9686091542243958
1890,75.56,8,156.3928680419922,12.032203674316191,0.0,0.039718010197734355,5,False,0.7034428119659424,0.9384015798568726
1891,75.6,8,162.599365234375,36.6675186157222,0.0,0.2925154055874498,5,False,0.6956769824028015,0.9449747800827026
1892,75.64,8,164.24989318847656,15.840682983397983,0.0,0.11278483062552414,5,False,0.681950032711029,0.9466906189918518
1893,75.68,8,158.827880859375,1.9536590576170498,0.0,0.0014944015688456158,5,False,0.7004068493843079,0.9445652365684509
1894,75.72,8,157.94837951660156,-1.6511535644535338,0.0,0.0010047980161657089,5,False,0.6915371417999268,0.9455497860908508
1895,75.76,8,159.17189025878906,-32.89115905761744,0.0,0.5863177406490215,5,False,0.7093928456306458,0.9686050415039062
1896,75.8,8,161.49130249023438,-12.932929992675845,0.0,0.10299472229057716,5,False,0.6732488870620728,0.9701088666915894
1897,75.84,8,167.9958953857422,54.69738006591749,0.0,0.7196322051468984,5,False,0.6669602990150452,0.9517068862915039
1898,75.88,8,169.36068725585938,79.12155151367158,2.1405127176581615,0.9302020831294708,5,False,0.6576328277587891,0.9838051795959473
1899,75.92,8,171.4014892578125,80.82145690917959,2.1207423846667255,0.9387037271564692,5,False,0.6430143117904663,0.9789013266563416
1900,75.96,8,171.51751708984375,58.64505767822255,2.9246713001961226,0.8148258857850673,5,True,0.6502577066421509,0.9905685782432556
1901,76.0,8,155.4925079345703,-57.12486267089836,0.0,0.29225843789060046,5,False,0.6261289119720459,0.8672351241111755
1902,76.04,8,170.9126739501953,-32.012519836426264,0.0,0.08613149988178848,5,False,0.6550101041793823,0.8753589391708374
1903,76.08,8,169.0309295654297,-13.36490631103535,0.0,0.015090529307702716,5,False,0.6213202476501465,0.9612603783607483
1904,76.12,8,173.0160369873047,41.33865356445281,0.0,0.13434808835276524,5,False,0.6229947209358215,0.9502977132797241
1905,76.16,8,161.55352783203125,35.56350708007794,0.0,0.09512886272370347,5,False,0.6387175917625427,0.8451741337776184
1906,76.2,8,167.0714111328125,-37.89981842041038,0.0,0.2999357303308361,5,False,0.6482468247413635,0.8922638297080994
1907,76.24,8,166.60113525390625,-27.010536193847535,0.0,0.16890058092761118,5,False,0.6623658537864685,0.935215413570404
1908,76.28,8,166.76817321777344,-18.620300292968917,0.0,0.08395726966809747,5,False,0.6549756526947021,0.928388774394989
1909,76.32,8,164.88641357421875,15.906333923339817,0.0,0.19127224659620434,5,False,0.6625396013259888,0.9659901857376099
1910,76.36,8,168.09854125976562,0.8488464355469275,0.0,0.002136407238396143,5,False,0.6698037981987,0.9533455967903137
1911,76.4,8,165.22613525390625,-3.5490798950194518,0.0,0.030103563853994153,5,False,0.655907154083252,0.9299266934394836
1912,76.44,8,163.93893432617188,-13.296890258788592,0.0,0.26080561945372915,5,False,0.6489260792732239,0.9882456064224243
1913,76.48,8,167.850830078125,4.423065185546752,0.0,0.022492636922630038,5,False,0.6587536931037903,0.9362520575523376
1914,76.52,8,167.45645141601562,3.3512878417967236,0.0,0.013335012643227895,5,False,0.6712134480476379,0.9403924942016602
1915,76.56,8,174.64537048339844,55.889968872070206,0.0,0.7295190720628415,5,False,0.6941463351249695,0.9069593548774719
1916,76.6,8,170.8884735107422,51.734046936035,0.0,0.6614100341637716,5,False,0.6780897378921509,0.9553906917572021
1917,76.64,8,174.72303771972656,42.94109344482401,0.0,0.5951482130687158,5,False,0.6769521236419678,0.9271782636642456
1918,76.68,8,176.38327026367188,44.828262329101484,0.0,0.6165650237986804,5,False,0.6872313022613525,0.9681451320648193
1919,76.72,8,177.45150756835938,27.76767730712868,0.0,0.49613871790537156,5,False,0.6783716082572937,0.9415911436080933
1920,76.76,8,178.05712890625,42.66445159912102,4.173430625085507,0.8826202750138308,5,False,0.6581820249557495,0.9491515159606934
1921,76.8,8,181.1064453125,36.1016845703121,5.016564946152991,0.9364698954962413,5,False,0.6500369906425476,0.964451014995575
1922,76.84,8,182.59381103515625,40.19004821777312,4.5432593174747264,0.9426358604752885,5,False,0.6648189425468445,0.9686312079429626
1923,76.88,8,182.36447143554688,35.90652465820305,5.078867230161878,0.8846857820292352,5,False,0.6545956134796143,0.9504542946815491
1924,76.92,8,185.45925903320312,40.15571594238258,4.618502115596925,0.8970220982032016,5,False,0.6244820952415466,0.9483497142791748
1925,76.96,8,183.01934814453125,16.7281341552735,0.0,0.4406321052163301,5,False,0.6850095391273499,0.9505825638771057
1926,77.0,8,181.28961181640625,-4.8838043212893325,0.0,0.04005430506611807,5,False,0.6709086894989014,0.9718700051307678
1927,77.04,8,180.68011474609375,-18.84590148925796,0.0,0.41170673739017805,5,False,0.6588207483291626,0.9790815711021423
1928,77.08,8,179.52578735351562,-35.51544189453109,0.0,0.9442150763558697,5,False,0.6611297726631165,0.9694033861160278
1929,77.12,8,182.38232421875,-7.5946807861331,0.0,0.1209804893454125,5,False,0.6859614849090576,0.9647756814956665
1930,77.16,8,183.28988647460938,14.256896972655726,0.0,0.3792988450234688,5,False,0.6708260178565979,0.987024188041687
1931,77.2,8,183.56961059570312,23.85772705078116,0.0,0.7541153068875632,5,False,0.6759875416755676,0.9882815480232239
1932,77.24,8,183.8381805419922,24.530181884765568,0.0,0.7754084915250246,5,False,0.6843421459197998,0.9660062789916992
1933,77.28,8,185.04376220703125,14.677925109863095,12.606942794842833,0.9271424668717008,5,False,0.6982154846191406,0.9656475186347961
1934,77.32,8,192.7872314453125,51.17210388183545,0.0,0.6498442017383332,5,False,0.7021991014480591,0.9352075457572937
1935,77.36,8,196.66102600097656,87.82970428466773,2.2391174785647925,0.8637301728799872,5,False,0.6538873314857483,0.9498122334480286
1936,77.4,8,194.56546020507812,82.67955780029257,2.3532474698889794,0.817223915366696,5,False,0.6762045621871948,0.9278908371925354
1937,77.44,8,192.15353393554688,39.99443054199188,0.0,0.3321765608310301,5,False,0.6531801819801331,0.9692304730415344
1938,77.48,8,191.810302734375,-16.15337371826186,0.0,0.2567944291147928,5,False,0.6590942740440369,0.9886900186538696
1939,77.52,8,194.05606079101562,-19.912719726562706,0.0,0.4094506731887503,5,False,0.665838360786438,0.9808710217475891
1940,77.56,8,197.23316955566406,18.094863891601392,0.0,0.27610486722958316,5,False,0.6464685201644897,0.9734720587730408
1941,77.6,8,197.39109802246094,39.74498748779278,4.966440059468817,0.8787517125555206,5,False,0.6310034394264221,0.9602929949760437
1942,77.64,8,199.015625,44.364204406738004,4.485950501340978,0.9307599018934625,5,False,0.6647568941116333,0.9419779777526855
1943,77.68,8,196.42764282226562,16.31404876708961,0.0,0.32479812250286644,5,False,0.6716110110282898,0.937709629535675
1944,77.72,8,198.53736877441406,4.112358093261457,0.0,0.06203065444561817,5,False,0.69732666015625,0.9413934350013733
1945,77.76,8,200.19793701171875,12.838554382323593,0.0,0.31021130883121295,5,False,0.6720708012580872,0.9331315755844116
1946,77.8,8,201.5025634765625,21.860427856445177,0.0,0.5296377975889214,5,False,0.7056857943534851,0.9464389085769653
1947,77.84,8,200.45919799804688,27.57076263427739,0.0,0.7719526974756458,5,False,0.6741859316825867,0.9616655707359314
1948,77.88,8,206.03073120117188,38.11996459960916,0.0,0.7273820332531112,5,False,0.6778446435928345,0.9286547303199768
1949,77.92,8,206.500732421875,42.83439636230491,0.0,0.7731326967040664,5,False,0.6990396976470947,0.9330465793609619
1950,77.96,8,209.62567138671875,55.71937561035136,3.7621683497073355,0.8653000515314831,5,False,0.6433247327804565,0.9559662938117981
1951,78.0,8,198.68954467773438,0.13908386230515052,0.0,3.7551369387323064e-06,5,False,0.6731424927711487,0.9136400818824768
1952,78.04,8,200.8504180908203,-45.42953491210939,0.0,0.41499662372195656,5,False,0.6465387940406799,0.9428316950798035
1953,78.08,8,203.3279266357422,-37.8021621704104,0.0,0.2997698302401064,5,False,0.6922768354415894,0.9239052534103394
1954,78.12,8,207.8080291748047,2.507743835449023,0.0,0.00118791310189037,5,False,0.6507560610771179,0.9106392860412598
1955,78.16,8,212.66604614257812,87.27653503417984,2.43669213104407,0.9677221063815317,5,False,0.6294145584106445,0.9291099905967712
1956,78.2,8,212.98619079589844,84.02416229248037,2.5348207585160223,0.9532530255785707,5,False,0.59833163022995,0.857319176197052
1956,78.2,9,98.08525085449219,,0.0,,1,False,0.4039592742919922,0.0
1957,78.24,8,215.72299194335938,74.92073059082031,2.8793498173627112,0.9274249820157973,5,True,0.6188225150108337,0.9778791069984436
1957,78.24,9,97.66270446777344,,0.0,,2,False,0.4140462577342987,0.8927506804466248
1958,78.28,8,217.16537475585938,54.42909240722614,3.989876831512773,0.9209410329366231,5,True,0.6171987056732178,0.9463184475898743
1958,78.28,9,100.17909240722656,,0.0,,3,False,0.4194353520870209,0.9556183815002441
1959,78.32,8,210.73416137695312,0.7885360717774986,0.0,0.0003774703127225054,5,False,0.5943965911865234,0.9447779059410095
1959,78.32,9,106.71157836914062,,0.0,,4,False,0.4144240617752075,0.7182703614234924
1960,78.36,8,201.35389709472656,-70.63354492187513,0.0,0.5129320288034183,5,False,0.6544621586799622,0.9396438002586365
1960,78.36,9,104.10687255859375,52.73029327392554,0.0,0.7178611753286428,5,False,0.45045849680900574,0.8124579191207886
1961,78.4,8,206.61085510253906,-85.08937835693365,0.0,0.6799440002039281,5,False,0.6572785973548889,0.9073859453201294
1961,78.4,9,109.33018493652344,68.15685272216781,1.6040967352496915,0.8283452762418279,5,False,0.4255709946155548,0.8511775732040405
1962,78.44,8,212.58424377441406,-33.21392059326188,0.0,0.12230214464547695,5,False,0.7086318135261536,0.9021372199058533
1962,78.44,9,109.98558807373047,55.57899475097662,0.0,0.761210863129253,5,False,0.445482462644577,0.8332922458648682
1963,78.48,8,211.4420166015625,31.61514282226514,0.0,0.18824740597004397,5,False,0.7147061228752136,0.9596791863441467
1964,78.52,8,216.66326904296875,88.6247634887693,2.444726062038233,0.9038630191151894,5,False,0.6783718466758728,0.948623538017273
1965,78.56,8,211.783447265625,36.060523986816975,0.0,0.4054074603041772,5,False,0.6650640368461609,0.9132211208343506
1966,78.6,8,208.25631713867188,-20.786056518555174,0.0,0.19015451761282143,5,False,0.6535009741783142,0.9755808115005493
1967,78.64,8,212.55831909179688,-15.435867309570094,0.0,0.1049275919710635,5,False,0.6423861980438232,0.9640312194824219
1967,78.64,9,106.01197052001953,-0.2510139622641588,0.0,0.0001663753192097106,5,False,0.41175132989883423,0.597326397895813
1968,78.68,8,213.0764923095703,-15.996704101563154,0.0,0.11314761025963171,5,False,0.661284327507019,0.9466843605041504
1969,78.72,8,221.0810546875,58.53847503662104,0.0,0.6169434729784231,5,False,0.6487449407577515,0.9415967464447021
1970,78.76,8,221.8815155029297,89.43283081054706,2.480985041980384,0.9220780649000853,5,False,0.7155974507331848,0.9322322607040405
1971,78.8,8,224.9640350341797,84.04113769531266,2.6768323371558416,0.9086109725018204,5,False,0.6976161003112793,0.9814635515213013
1972,78.84,8,214.92037963867188,18.926887512207188,0.0,0.05745173489789912,5,False,0.7250996232032776,0.949029266834259
1973,78.88,8,216.4893798828125,-40.361213684082635,0.0,0.38677396048203916,5,False,0.698140561580658,0.9770053625106812
1974,78.92,8,221.75157165527344,-21.836357116699414,0.0,0.10996804467008192,5,False,0.7536901831626892,0.958956241607666
1975,78.96,8,223.8251495361328,11.383552551269704,0.0,0.02601215732421447,5,False,0.757453441619873,0.9771188497543335
1976,79.0,8,218.48167419433594,36.1458969116212,0.0,0.3869428005161091,5,False,0.7579847574234009,0.903090238571167
1977,79.04,8,223.41934204101562,26.47506713867146,0.0,0.2743776511645766,5,False,0.7518540620803833,0.9329928755760193
1978,79.08,8,229.6557159423828,38.50620269775382,0.0,0.35826148425284843,5,False,0.7713315486907959,0.9687246680259705
1979,79.12,8,228.09324645996094,49.27558898925769,0.0,0.5035810939196153,5,False,0.7568045854568481,0.9679253101348877
1980,79.16,8,224.19378662109375,40.24532318115142,0.0,0.33825592000957294,5,False,0.743718683719635,0.94214928150177
1981,79.2,8,225.11827087402344,-5.160179138183055,0.0,0.015001676013335463,5,False,0.778179407119751,0.9832050800323486
1982,79.24,8,223.63992309570312,-37.516403198242436,0.0,0.8261834389880504,5,False,0.7740137577056885,0.9426149725914001
1983,79.28,8,218.5493927001953,-49.10392761230476,0.0,0.8062740462792195,5,False,0.7559869885444641,0.9612228870391846
1984,79.32,8,218.41378784179688,-45.322189331055064,0.0,0.7826668627595537,5,False,0.7465705871582031,0.9832536578178406
1985,79.36,8,219.70562744140625,-40.12855529785213,0.0,0.6733742385061012,5,False,0.7497764825820923,0.9855446815490723
1986,79.4,8,226.30926513671875,16.23729705810565,0.0,0.08608397747967178,5,False,0.7384281754493713,0.9554535150527954
1987,79.44,8,227.365234375,63.817901611327706,3.5627187455916376,0.8423020537189484,5,False,0.7567916512489319,0.9791320562362671
1988,79.48,8,225.76560974121094,55.908126831054446,0.0,0.7329721458692724,5,False,0.7479309439659119,0.9811844825744629
1989,79.52,8,224.70396423339844,23.63254547119125,0.0,0.24997044350991438,5,False,0.7524315118789673,0.979428768157959
1990,79.56,8,226.06198120117188,-7.8895950317381764,0.0,0.2699361401376372,5,False,0.7495307326316833,0.9700103998184204
1991,79.6,8,227.38076782226562,0.8185958862302387,0.0,0.002068828739480999,5,False,0.7553715109825134,0.9754132032394409
1992,79.64,8,228.87156677246094,22.22179412841808,0.0,0.7640469427866667,5,False,0.7644610404968262,0.9743291735649109
1993,79.68,8,228.9745635986328,28.376960754394542,8.06903056251974,0.9542906585446135,5,False,0.7804778814315796,0.9573918581008911
1994,79.72,8,235.589111328125,51.62014007568288,0.0,0.7897854826624267,5,False,0.7723919749259949,0.9509868025779724
1995,79.76,8,235.20733642578125,55.92670440673742,4.205635553191046,0.8301546229459956,5,False,0.7797101140022278,0.983126163482666
1996,79.8,8,237.1295928955078,56.87206268310582,4.169526859203377,0.8379597958263376,5,False,0.7965224385261536,0.9708439707756042
1997,79.84,8,238.58184814453125,51.88762664794915,0.0,0.7975168242032713,5,False,0.8127976059913635,0.9594383239746094
1998,79.88,8,236.53530883789062,13.167266845702743,0.0,0.38671016842559613,5,False,0.8076313138008118,0.9532452821731567
1999,79.92,8,243.25137329101562,38.73447418212868,0.0,0.6232373476783459,5,False,0.8221823573112488,0.9513806104660034
2000,79.96,8,243.58877563476562,43.9697265625006,0.0,0.6792804712704108,5,False,0.7979609966278076,0.9758144617080688
2001,80.0,8,245.5312957763672,52.38090515136763,0.0,0.7722729158143733,5,False,0.8091304302215576,0.990797758102417
2002,80.04,8,246.5511474609375,55.77899932861305,4.420142892998508,0.813700114745692,5,False,0.8232410550117493,0.9705573916435242
2003,80.08,8,245.0137481689453,16.217803955077667,0.0,0.5602444041674173,5,False,0.7710683345794678,0.933314859867096
2004,80.12,8,245.7602081298828,9.563293457030682,0.0,0.30231787981212743,5,False,0.7888486385345459,0.9825026392936707
2005,80.16,8,248.01266479492188,10.429496765135982,0.0,0.31913830781959585,5,False,0.7895849943161011,0.9738107323646545
2006,80.2,8,251.62039184570312,32.84351348876907,0.0,0.6324258329928112,5,False,0.8005473613739014,0.9632702469825745
2007,80.24,8,248.61451721191406,32.654304504394204,0.0,0.6265943274069565,5,False,0.7693474292755127,0.9356122612953186
2008,80.28,8,246.0601043701172,3.004112243651931,0.0,0.0064855929433963455,5,False,0.758300244808197,0.943739116191864
2009,80.32,8,257.45147705078125,33.293342590331655,0.0,0.22471427887014372,5,False,0.7784527540206909,0.9109251499176025
2010,80.36,8,259.46685791015625,61.32472991943352,0.0,0.4618087691687577,5,False,0.7638242244720459,0.9630272388458252
2011,80.4,8,256.397216796875,72.43038177490193,0.0,0.6048171810768758,5,False,0.7843343615531921,0.9549006223678589
2012,80.44,8,265.5779113769531,94.95338439941372,0.0,0.7216018483037369,5,False,0.8003348112106323,0.9399957656860352
2013,80.48,8,269.8889465332031,77.46498107910149,0.0,0.7206168928167153,5,False,0.8113621473312378,0.9763867259025574
2014,80.52,8,272.325927734375,98.02467346191389,2.7781365457971496,0.8439550942690579,5,False,0.8065057992935181,0.9869301319122314
2015,80.56,8,272.0124816894531,94.94636535644506,2.864906736221774,0.8195812669992053,5,False,0.8117406368255615,0.9652113914489746
2016,80.6,8,269.8948669433594,26.893615722655795,0.0,0.3987645962774974,5,False,0.7912418246269226,0.9640573859214783
2017,80.64,8,269.0926818847656,-10.058975219727005,0.0,0.19648345144019108,5,False,0.7690703272819519,0.9877909421920776
2018,80.68,8,274.55657958984375,3.8537597656248495,0.0,0.012754991376592528,5,False,0.7685089111328125,0.9739230275154114
2019,80.72,8,275.0396423339844,26.790084838867077,0.0,0.4016745786363465,5,False,0.7806941270828247,0.9929766654968262
2020,80.76,8,277.2496032714844,51.64108276367169,5.368779824781735,0.8635264763990937,5,False,0.7886121869087219,0.9841957092285156
2021,80.8,8,278.4935607910156,53.73695373535136,5.18253346035516,0.8834856147623699,5,False,0.7828077077865601,0.9752064943313599
2022,80.84,8,263.8665466308594,-44.815368652344596,0.0,0.23855873389425108,5,False,0.805178701877594,0.9369574785232544
2023,80.88,8,266.7143249511719,-75.08422851562568,0.0,0.5223557174725074,5,False,0.8107393980026245,0.9696086049079895
2024,80.92,8,270.414306640625,-63.62457275390685,0.0,0.39444740007595036,5,False,0.8026581406593323,0.9806421399116516
2025,80.96,8,271.1390686035156,-20.403060913086623,0.0,0.054619012401780465,5,False,0.782475471496582,0.9750732183456421
2026,81.0,8,274.0397033691406,61.927642822265156,4.425159603695004,0.9697357983060191,5,False,0.780580461025238,0.9835617542266846
2027,81.04,8,268.9536437988281,20.260086059570277,0.0,0.2236838378864623,5,False,0.8179148435592651,0.9531228542327881
2028,81.08,8,266.0857849121094,-27.10617065429731,0.0,0.34450306920772544,5,False,0.8283673524856567,0.9786003828048706
2029,81.12,8,269.135498046875,-29.902648925781524,0.0,0.41233892782530346,5,False,0.8329634070396423,0.9811393618583679
2030,81.16,8,271.2058410644531,-13.714675903320378,0.0,0.08630714123834515,5,False,0.8264963030815125,0.9614319801330566
2031,81.2,8,268.15155029296875,8.78967285156261,0.0,0.09044035979948317,5,False,0.8386197090148926,0.9756505489349365
2032,81.24,8,269.4609069824219,14.415740966796832,0.0,0.23540670450638768,5,False,0.8059781193733215,0.9612160921096802
2033,81.28,8,270.99615478515625,4.940948486328108,0.0,0.058468864783449814,5,False,0.8132171630859375,0.9535797834396362
2034,81.32,8,269.1109619140625,-3.362884521484468,0.0,0.02695341925228467,5,False,0.8138708472251892,0.9781126379966736
2035,81.36,8,273.2342834472656,24.538803100585703,0.0,0.6109845903631184,5,False,0.8210716247558594,0.9607240557670593
2036,81.4,8,271.99609375,18.271255493164304,0.0,0.44835459946922007,5,False,0.8253559470176697,0.9822461605072021
2037,81.44,8,274.53924560546875,24.92828369140555,0.0,0.5739783398698772,5,False,0.8187315464019775,0.9825886487960815
2038,81.48,8,274.0202331542969,27.808761596679393,0.0,0.6610985765225803,5,False,0.8098268508911133,0.988274872303009
2039,81.52,8,277.5202331542969,26.490097045898086,0.0,0.6627109482067688,5,False,0.8220986723899841,0.9696024656295776
2040,81.56,8,276.4919738769531,29.931869506836,0.0,0.7650914880124107,5,False,0.8338140249252319,0.9782726168632507
2041,81.6,8,281.15594482421875,39.26284790038986,0.0,0.7610078899530806,5,False,0.8053687214851379,0.9513460993766785
2042,81.64,8,276.6728210449219,22.35221862792927,0.0,0.3000918713313182,5,False,0.8124561309814453,0.9541479349136353
2043,81.68,8,275.7996520996094,-8.150787353515536,0.0,0.0592052238801688,5,False,0.8228918313980103,0.975615918636322
2044,81.72,8,275.0052185058594,-20.824508666992216,0.0,0.30097201011099717,5,False,0.8274471163749695,0.9680428504943848
2045,81.76,8,281.1300964355469,-4.298248291015809,0.0,0.0083696471363357,5,False,0.8173770904541016,0.9683705568313599
2046,81.8,8,276.9962158203125,14.943084716796582,0.0,0.15870501215703425,5,False,0.824003279209137,0.971233606338501
2047,81.84,8,275.5999450683594,3.978958129882134,0.0,0.010384312585295263,5,False,0.811897873878479,0.975989818572998
2048,81.88,8,272.06500244140625,-28.526458740234848,0.0,0.2971461414462713,5,False,0.8043509721755981,0.9676650762557983
2049,81.92,8,272.12457275390625,-57.35565185546891,0.0,0.9217221642256856,5,False,0.8095501065254211,0.9626310467720032
2050,81.96,8,272.18499755859375,-32.74452209472677,0.0,0.784027816209371,5,False,0.8071051239967346,0.9777235388755798
2051,82.0,8,273.2459411621094,-11.470031738281847,0.0,0.23092880067761834,5,False,0.7994335889816284,0.9804708957672119
2052,82.04,8,273.26190185546875,8.78791809081999,31.095180796111748,0.803893521725408,5,False,0.7955429553985596,0.9652137160301208
2053,82.08,8,270.079833984375,-7.531433105469108,0.0,0.13504278125191993,5,False,0.8058034777641296,0.9564474821090698
2054,82.12,8,275.94696044921875,10.894546508789016,0.0,0.10556462367952402,5,False,0.8168542385101318,0.9586968421936035
2055,82.16,8,273.4042053222656,7.503967285155953,0.0,0.05199365555353952,5,False,0.8088710308074951,0.9626450538635254
2056,82.2,8,279.4276428222656,39.13963317871064,0.0,0.5041452346664167,5,False,0.807227611541748,0.9426366090774536
2057,82.24,8,282.3800354003906,70.20271301269491,4.022352175325863,0.8394512391703906,5,False,0.8163877129554749,0.9676625728607178
2058,82.28,8,282.12237548828125,53.316650390624275,0.0,0.7407611877619671,5,False,0.8081080317497253,0.9720138311386108
2059,82.32,8,279.81689453125,38.800277709960895,0.0,0.4595821518785961,5,False,0.8126609325408936,0.9276763796806335
2060,82.36,8,284.74261474609375,20.167007446288597,0.0,0.3497056211013575,5,False,0.801261305809021,0.9622180461883545
2061,82.4,8,281.4134216308594,1.717529296874742,0.0,0.00370295568790191,5,False,0.8026964664459229,0.9688720703125
2062,82.44,8,283.56597900390625,11.209335327148029,0.0,0.13819704555698442,5,False,0.8105849027633667,0.9641259908676147
2063,82.48,8,278.8492431640625,-7.779846191406392,0.0,0.03954024751495322,5,False,0.8152574896812439,0.9601696729660034
2064,82.52,8,282.41455078125,-18.050765991210795,0.0,0.25778903912435724,5,False,0.7970763444900513,0.9422460198402405
2065,82.56,8,280.3120422363281,-8.385467529297022,0.0,0.08413901053580064,5,False,0.805303156375885,0.9725032448768616
2066,82.6,8,278.8720703125,-19.812545776367553,0.0,0.34857620752731533,5,False,0.8040477633476257,0.9914637207984924
2067,82.64,8,279.236572265625,-6.91955566406275,0.0,0.08430731378639034,5,False,0.8078618049621582,0.9687082767486572
2068,82.68,8,280.5661926269531,-11.930465698242628,0.0,0.29537006914963426,5,False,0.8168889284133911,0.9844295978546143
2069,82.72,8,281.7983703613281,11.666946411132226,0.0,0.40452473119780563,5,False,0.8138619661331177,0.9851968288421631
2070,82.76,8,277.00042724609375,-2.953720092774113,0.0,0.010630928116609484,5,False,0.8114341497421265,0.976922333240509
2071,82.8,8,281.36260986328125,1.7157745361326395,0.0,0.003141938773125741,5,False,0.7953339219093323,0.9701290130615234
2072,82.84,8,282.8587341308594,10.373306274413578,0.0,0.08604629124446483,5,False,0.8005884885787964,0.9815359115600586
2073,82.88,8,278.4557800292969,-2.0671844482421777,0.0,0.002824171633830086,5,False,0.7951281666755676,0.9712472558021545
2074,82.92,8,275.4900817871094,-14.818801879883138,0.0,0.09475561538454602,5,False,0.80179363489151,0.9791585803031921
2075,82.96,8,279.6572265625,-26.948547363281584,0.0,0.363977472529883,5,False,0.80601567029953,0.9781215190887451
2076,83.0,8,278.5030822753906,-18.77464294433588,0.0,0.20010516148809077,5,False,0.8040409088134766,0.9885953664779663
2077,83.04,8,277.5814208984375,3.1607055664062247,0.0,0.016542221463247464,5,False,0.7937981486320496,0.9672885537147522
2078,83.08,8,276.89453125,1.8327331542963927,0.0,0.005377304928107285,5,False,0.7974454164505005,0.9685201048851013
2079,83.12,8,277.04730224609375,-17.070999145508097,0.0,0.8823579904133,5,False,0.7680617570877075,0.9600948095321655
2080,83.16,8,276.95074462890625,-9.09698486328155,0.0,0.7230191494586748,5,False,0.7603223323822021,0.979401171207428
2081,83.2,8,267.82110595703125,-48.66104125976552,0.0,0.5455127911812976,5,False,0.6738997101783752,0.9320716857910156
2082,83.24,8,262.45196533203125,-95.27832031250006,0.0,0.7967579412357206,5,False,0.6815443634986877,0.9436967968940735
2083,83.28,8,265.0430908203125,-96.26800537109462,0.0,0.8051080393611976,5,False,0.6909255981445312,0.9503033757209778
2084,83.32,8,257.816162109375,-102.61795043945288,0.0,0.8270795989762239,5,False,0.6867184042930603,0.9573532938957214
2085,83.36,8,244.1704559326172,-129.84275817871074,0.0,0.7784812968211351,5,False,0.6361514329910278,0.9324028491973877
2086,83.4,8,223.0858917236328,-249.01195526123018,0.0,0.8271228077308399,5,False,0.5832685232162476,0.8441396951675415
2087,83.44,8,227.8164520263672,-272.9588699340821,0.0,0.8948533018910876,5,False,0.6122148036956787,0.9518747329711914
2088,83.48,8,253.7607421875,-61.162109375001016,0.0,0.06301305413400471,5,False,0.6176583766937256,0.8796390891075134
2089,83.52,8,212.9834442138672,-79.24793243408236,0.0,0.09307650468089113,5,False,0.6050755977630615,0.7698623538017273
2090,83.56,8,206.819091796875,-118.41651916503977,0.0,0.17078935001711626,5,False,0.6050204634666443,0.9527078866958618
2091,83.6,8,194.6706085205078,-283.0833435058598,0.0,0.6217194124725993,5,False,0.6333911418914795,0.9077695608139038
2092,83.64,8,212.274658203125,-253.21250915527347,0.0,0.5160205365470915,5,False,0.6155642867088318,0.8615309596061707
2093,83.68,8,246.47389221191406,181.09115600585886,0.0,0.35412810232754177,5,False,0.5712741613388062,0.8110420107841492
2094,83.72,8,225.1669464111328,221.24748229980443,0.0,0.5020694082964896,5,False,0.6037322878837585,0.8760384321212769
2095,83.76,8,247.2323760986328,295.03955841064453,0.0,0.6837017384973585,5,False,0.6588056087493896,0.8811625242233276
2096,83.8,8,236.6636962890625,123.84140014648413,0.0,0.27669684596002664,5,False,0.6318489909172058,0.945191502571106
2097,83.84,8,231.0574951171875,-48.34011077880863,0.0,0.1012147580709385,5,False,0.6170852184295654,0.9669461846351624
2098,83.88,8,214.6186981201172,-93.17844390869172,0.0,0.2323279430307683,5,False,0.5993097424507141,0.8500199317932129
2099,83.92,8,204.4282684326172,-269.1330337524415,0.0,0.9806581362639802,5,False,0.6318185329437256,0.8579114079475403
2100,83.96,8,200.6040802001953,-246.87114715576203,0.0,0.9600588060968979,5,False,0.6519657969474792,0.9602677226066589
2101,84.0,8,248.87921142578125,54.07203674316409,0.0,0.02916708493240394,5,False,0.7236371040344238,0.7354859709739685
2102,84.04,8,245.4901885986328,265.4848098754878,0.0,0.5390393168854819,5,False,0.7095350623130798,0.9791339039802551
2103,84.08,8,240.21340942382812,291.14097595214855,0.0,0.6172586239039197,5,False,0.719264566898346,0.9647833704948425
2104,84.12,8,234.35365295410156,147.08335876464838,0.0,0.22962587058235118,5,False,0.7066251635551453,0.9562050104141235
2105,84.16,8,237.90867614746094,-82.69401550292969,0.0,0.8050280136658152,5,False,0.7464333772659302,0.9356616735458374
2106,84.2,8,241.0297393798828,-28.064079284667756,0.0,0.18724002988457977,5,False,0.7345532774925232,0.9711620807647705
2107,84.24,8,235.23504638671875,-8.201599121094043,0.0,0.03100683380950653,5,False,0.7276341915130615,0.9470678567886353
2108,84.28,8,236.88917541503906,5.993537902832211,0.0,0.02116174512441127,5,False,0.7099388837814331,0.9403990507125854
2109,84.32,8,237.62158203125,-11.786880493164759,0.0,0.12443744037065907,5,False,0.7152290940284729,0.9323756694793701
2110,84.36,8,230.55804443359375,-46.39213562011676,0.0,0.5880131100613524,5,False,0.6999061703681946,0.8885261416435242
2111,84.4,8,227.9670867919922,-52.1676254272457,0.0,0.6164674924108275,5,False,0.7045517563819885,0.9830800294876099
2112,84.44,8,227.8233184814453,-69.46552276611317,0.0,0.8470652305674906,5,False,0.6877431273460388,0.9660502076148987
2113,84.48,8,232.34402465820312,-33.224601745606044,0.0,0.27259687996487136,5,False,0.7275801301002502,0.920142650604248
2114,84.52,8,224.34339904785156,-20.13088226318369,0.0,0.17536815568278896,5,False,0.6948408484458923,0.909489631652832
2115,84.56,8,224.98403930664062,-23.615036010742237,0.0,0.22261618869729172,5,False,0.6986042261123657,0.958846926689148
2116,84.6,8,221.2002716064453,-51.51519775390613,0.0,0.6040974129886855,5,False,0.7082188725471497,0.9344720244407654
2117,84.64,8,220.7810821533203,-65.67253112792991,0.0,0.8001607232656484,5,False,0.6889928579330444,0.9653613567352295
2118,84.68,8,213.88595581054688,-62.79460906982457,0.0,0.8115491145271246,5,False,0.7141438722610474,0.9366927742958069
2119,84.72,8,218.91065979003906,-48.65268707275427,0.0,0.5786760964699871,5,False,0.7029262185096741,0.9513148069381714
2120,84.76,8,218.6876678466797,-17.239074707031378,0.0,0.14067306073125463,5,False,0.6726805567741394,0.9733558893203735
2121,84.8,8,218.5942840576172,1.0702896118158978,0.0,0.0007004272397136413,5,False,0.6757647395133972,0.9919158220291138
2122,84.84,8,218.61325073242188,22.84553527832028,0.0,0.4486116872018471,5,False,0.6866074204444885,0.9870509505271912
2123,84.88,8,219.3131103515625,1.8262100219719148,0.0,0.1471979333909038,5,False,0.6693264842033386,0.9739318490028381
2124,84.92,8,214.3046417236328,-20.118064880371733,0.0,0.39164989517250925,5,False,0.6885521411895752,0.9395074844360352
2125,84.96,8,214.73439025878906,-30.070991516113683,0.0,0.6337350946321487,5,False,0.7051028609275818,0.9843395948410034
2126,85.0,8,211.70860290527344,-45.97003936767608,0.0,0.8380441380683858,5,False,0.7024319171905518,0.9824592471122742
2127,85.04,8,211.03895568847656,-47.86087036132827,0.0,0.8595823112651371,5,False,0.7026922702789307,0.978512704372406
2128,85.08,8,207.96157836914062,-40.95390319824242,0.0,0.8917556182843193,5,False,0.7273665070533752,0.9708771109580994
2129,85.12,8,208.6498565673828,-39.79022979736343,0.0,0.872317996934456,5,False,0.7160596251487732,0.990138828754425
2130,85.16,8,206.1279754638672,-33.87588500976569,0.0,0.8786996834424188,5,False,0.7231834530830383,0.9821126461029053
2131,85.2,8,210.51675415039062,-7.1950149536132795,0.0,0.05239714609870838,5,False,0.7436338663101196,0.9742200970649719
2132,85.24,8,208.56883239746094,7.703514099121432,0.0,0.09571860904353946,5,False,0.7491759657859802,0.9750070571899414
2133,85.28,8,205.94224548339844,-7.435913085937185,0.0,0.059730755507755084,5,False,0.7578229904174805,0.9753437638282776
2134,85.32,8,203.7923583984375,-23.114356994629002,0.0,0.31664764072194496,5,False,0.762570858001709,0.9783226251602173
2135,85.36,8,205.89820861816406,-35.03391265869216,0.0,0.7158091316547761,5,False,0.7602222561836243,0.9777156114578247
2136,85.4,8,201.267822265625,-36.61514282226619,0.0,0.7204352327793708,5,False,0.761991024017334,0.9669896364212036
2136,85.4,10,91.84510040283203,,0.0,,1,False,0.40488916635513306,0.0
2137,85.44,8,194.85643005371094,-61.74041748046952,0.0,0.7183829646338591,5,False,0.7638577818870544,0.949367880821228
2137,85.44,10,92.01693725585938,,0.0,,2,False,0.4334307312965393,0.9692593216896057
2138,85.48,8,192.62149047851562,-83.45878601074244,0.0,0.8495135242236453,5,False,0.7616010904312134,0.9777511954307556
2138,85.48,10,92.29751586914062,,0.0,,3,False,0.4465988576412201,0.9879038333892822
2139,85.52,8,190.4088592529297,-99.06257629394544,0.0,0.9539071791970621,5,False,0.7375072836875916,0.9674302935600281
2139,85.52,10,91.72802734375,,0.0,,4,False,0.41292503476142883,0.9656341075897217
2140,85.56,8,189.3447265625,-70.73440551757804,0.0,0.8937311419257336,5,False,0.7523465156555176,0.9833790063858032
2140,85.56,10,91.64022827148438,-1.7466354370117594,0.0,0.17971373598214424,5,False,0.4253057539463043,0.9238097667694092
2141,85.6,8,187.9452667236328,-42.74772644042972,0.0,0.977339155433167,5,False,0.7415114045143127,0.9681541323661804
2141,85.6,10,89.67985534667969,-13.328628540039087,0.0,0.6634907377900796,5,False,0.4259403347969055,0.9354579448699951
2142,85.64,8,189.01513671875,-24.19075012207025,0.0,0.7447369995583438,5,False,0.7323528528213501,0.9785600900650024
2142,85.64,10,89.20975494384766,-20.559234619140877,0.0,0.8979283443254382,5,False,0.4166182279586792,0.9685743451118469
2143,85.68,8,188.14224243164062,-12.157058715820314,0.0,0.5989588206183558,5,False,0.7295966744422913,0.9929273128509521
2143,85.68,10,89.13156127929688,-19.058513641357496,0.0,0.8582497952941186,5,False,0.4214276969432831,0.9610435962677002
2144,85.72,8,188.40084838867188,-4.226951599121196,0.0,0.20416243737137896,5,False,0.7390627861022949,0.9603546857833862
2144,85.72,10,88.27342987060547,-18.204727172851612,0.0,0.8417385278491556,5,False,0.4231009781360626,0.9400768876075745
2145,85.76,8,187.32968139648438,-4.613647460937511,0.0,0.22334027847785332,5,False,0.711496889591217,0.9777215719223022
2145,85.76,10,87.0796127319336,-15.34202575683599,0.0,0.8944061556427588,5,False,0.4205935001373291,0.9182249903678894
2146,85.8,8,186.60003662109375,-14.10690307617214,0.0,0.8923479430450767,5,False,0.7391325831413269,0.9561492204666138
2146,85.8,10,87.71149444580078,-12.621173858642594,0.0,0.7599531314871841,5,False,0.42328476905822754,0.9099413156509399
2147,85.84,8,186.76319885253906,-11.397247314453232,0.0,0.8018709835255496,5,False,0.7052813768386841,0.9582602977752686
2148,85.88,8,184.49942016601562,-20.923347473144783,0.0,0.8600716973847421,5,False,0.7049249410629272,0.9369959235191345
2148,85.88,10,87.6187973022461,-6.641292572021713,0.0,0.43087696209045345,5,False,0.43789151310920715,0.9347168207168579
2149,85.92,8,184.77322387695312,-18.033828735351943,0.0,0.8046176521273236,5,False,0.724162757396698,0.9859040379524231
2149,85.92,10,84.74312591552734,-12.107680564703026,0.0,0.5326395177552556,5,False,0.4134093225002289,0.9306283593177795
2150,85.96,8,182.2335662841797,-26.80728912353533,0.0,0.8441604980996937,5,False,0.7335063219070435,0.9557024240493774
2150,85.96,10,85.94355773925781,-9.873474475949449,0.0,0.4204734915428232,5,False,0.4233337640762329,0.9216048717498779
2151,86.0,8,181.6572265625,-31.194496154785277,0.0,0.9110131746260314,5,False,0.7323871850967407,0.9761262536048889
2151,86.0,10,85.79344177246094,-11.589114730422624,0.0,0.4878083800742088,5,False,0.4130648970603943,0.8996896147727966
2152,86.04,8,176.90313720703125,-45.77140808105522,0.0,0.8361891175340739,5,False,0.7412145733833313,0.9555515050888062
2152,86.04,10,85.40960693359375,-8.420162200927763,0.0,0.24951608709338102,5,False,0.42117437720298767,0.9353141784667969
2153,86.08,8,176.4599151611328,-54.89261627197292,0.0,0.9303615545245378,5,False,0.7376307845115662,0.9885502457618713
2153,86.08,10,86.25469207763672,6.22295379638661,0.0,0.45883414262960664,5,False,0.41024598479270935,0.9332176446914673
2154,86.12,8,177.3709259033203,-37.30648040771472,0.0,0.7185342307390108,5,False,0.7266913056373596,0.9696052670478821
2154,86.12,10,83.56742095947266,-10.727558135986419,0.0,0.40566007645169744,5,False,0.4058282971382141,0.9372938871383667
2155,86.16,8,174.77566528320312,-33.23833465576172,0.0,0.6763047550988328,5,False,0.7304518222808838,0.9708972573280334
2155,86.16,10,84.41740417480469,-11.485652923584057,0.0,0.44679837054967686,5,False,0.4211920499801636,0.9005751013755798
2156,86.2,8,174.685791015625,-15.297355651855623,0.0,0.6112772327443073,5,False,0.7261252999305725,0.9682610630989075
2156,86.2,10,83.7782211303711,-12.750148773193418,0.0,0.5068489969597563,5,False,0.4226230978965759,0.9649068713188171
2157,86.24,8,174.99349975585938,-14.0449142456058,0.0,0.5496184761083935,5,False,0.7072336673736572,0.9765552282333374
2157,86.24,10,82.38475799560547,-18.82266998291014,0.0,0.7023716497636696,5,False,0.41062456369400024,0.9346605539321899
2158,86.28,8,172.00323486328125,-26.29386901855494,0.0,0.7641112733758874,5,False,0.7046204209327698,0.9720250368118286
2158,86.28,10,81.6500473022461,-14.668483734130968,0.0,0.6871229057503674,5,False,0.4001295268535614,0.9288233518600464
2159,86.32,8,170.4535675048828,-28.316879272460945,0.0,0.7675085216500087,5,False,0.6930617094039917,0.9801158905029297
2160,86.36,8,170.05377197265625,-34.509925842285455,0.0,0.8906400982052354,5,False,0.6945477724075317,0.9741421341896057
2161,86.4,8,172.34226989746094,-18.12980651855488,0.0,0.3447931263166757,5,False,0.6925566792488098,0.964152455329895
2162,86.44,8,170.66488647460938,-1.9699859619143802,0.0,0.015290968739939403,5,False,0.7006081342697144,0.9838399887084961
2163,86.48,8,159.8315887451172,-51.58210754394549,0.0,0.422844842516121,5,False,0.6983863115310669,0.9295054078102112
2164,86.52,8,164.6968994140625,-58.06106567382848,0.0,0.5057604272060967,5,False,0.6782714128494263,0.8949995040893555
2165,86.56,8,174.74664306640625,-2.8981018066408315,0.0,0.0009075960378387427,5,False,0.6657987833023071,0.9185990691184998
2165,86.56,10,82.965576171875,-2.1789733012010664,0.0,0.099202664892036,5,False,0.40044930577278137,0.9068811535835266
2166,86.6,8,172.99981689453125,48.96228790283177,0.0,0.24984642051487316,5,False,0.6945894360542297,0.9676759243011475
2167,86.64,8,172.26519775390625,82.92533874511696,0.0,0.6782583807137617,5,False,0.6912686824798584,0.9879383444786072
2168,86.68,8,170.64926147460938,23.55819702148409,0.0,0.14933146087679938,5,False,0.6894723176956177,0.9829425811767578
2169,86.72,8,169.70590209960938,-31.08009338378897,0.0,0.986033048696347,5,False,0.7114642858505249,0.9890252947807312
2170,86.76,8,169.72967529296875,-22.748947143555046,0.0,0.9213624133397446,5,False,0.7260544300079346,0.9786546230316162
2171,86.8,8,167.069091796875,-28.279495239257734,0.0,0.8988903257364848,5,False,0.7335792183876038,0.963127076625824
2172,86.84,8,167.00146484375,-24.83100891113321,0.0,0.8706694571197465,5,False,0.7381355166435242,0.9905142784118652
2173,86.88,8,167.18418884277344,-19.429092407226822,0.0,0.7245673736562676,5,False,0.7515981793403625,0.9924927353858948
2174,86.92,8,167.1846160888672,-12.43755340576158,0.0,0.4487625503236017,5,False,0.7539352774620056,0.9959074854850769
2175,86.96,8,165.32029724121094,-8.286094665527733,0.0,0.4247250333133652,5,False,0.7538480162620544,0.977222204208374
2176,87.0,8,164.60858154296875,-16.624145507812475,0.0,0.7534110982106719,5,False,0.7640674710273743,0.9814198613166809
2177,87.04,8,163.73963928222656,-23.662834167480728,0.0,0.9388424073881312,5,False,0.7677939534187317,0.9842587113380432
2178,87.08,8,162.17340087890625,-29.007720947266193,0.0,0.9736440889895575,5,False,0.7700008749961853,0.982646644115448
2179,87.12,8,162.83154296875,-18.531723022460863,0.0,0.841320152710113,5,False,0.7908899784088135,0.949393630027771
2180,87.16,8,156.19065856933594,-44.359855651855796,0.0,0.7113685890144582,5,False,0.7838559746742249,0.9231725931167603
2181,87.2,8,149.4468536376953,-86.4207839965821,0.0,0.8168264951134269,5,False,0.7917022109031677,0.8994743227958679
2182,87.24,8,154.26779174804688,-72.9897689819339,0.0,0.6768344087310948,5,False,0.7841347455978394,0.9217734336853027
2183,87.28,8,155.8873291015625,-39.52823638916034,0.0,0.27089754180759484,5,False,0.7662582993507385,0.8669527173042297
2184,87.32,8,154.37841796875,7.039985656738307,0.0,0.027063137396801662,5,False,0.7893895506858826,0.9175986051559448
2185,87.36,8,148.4306182861328,-4.804611206054999,0.0,0.008392851178425698,5,False,0.7798433899879456,0.9205514788627625
2186,87.4,8,147.9691925048828,-50.13477325439458,0.0,0.7348764696239984,5,False,0.7786879539489746,0.9159179329872131
2187,87.44,8,148.06600952148438,-55.129661560058935,0.0,0.8148052578743807,5,False,0.7593967318534851,0.9140468835830688
2188,87.48,8,146.69580078125,-39.32460784912128,0.0,0.6790479002772499,5,False,0.7755852937698364,0.8880207538604736
2189,87.52,8,141.51197814941406,-37.776679992676215,0.0,0.6866960007889757,5,False,0.7684929370880127,0.864812970161438
2190,87.56,8,138.7784423828125,-62.33882904052766,0.0,0.8734914324404957,5,False,0.7797247767448425,0.8666014671325684
2191,87.6,8,138.18499755859375,-69.19845581054693,0.0,0.9352174827025976,5,False,0.7830978631973267,0.8698004484176636
2192,87.64,8,141.9394989013672,-32.09896087646484,0.0,0.361877446885317,5,False,0.753479540348053,0.8768925666809082
2193,87.68,8,134.30502319335938,-28.132133483886914,0.0,0.33595895196663805,5,False,0.7501389384269714,0.871251106262207
2194,87.72,8,135.0432586669922,-28.37585449218766,0.0,0.33953294284295366,5,False,0.7352151274681091,0.8916361331939697
2195,87.76,8,132.5447235107422,-45.4419708251954,0.0,0.6011014736171789,5,False,0.7335553765296936,0.9344124794006348
2196,87.8,8,134.3273468017578,-42.4615097045901,0.0,0.5430107783709959,5,False,0.6860759258270264,0.9114701747894287
2197,87.84,8,131.30035400390625,-16.813125610351772,0.0,0.47784898429487355,5,False,0.7203372716903687,0.9372000694274902
2198,87.88,8,132.87045288085938,-13.974952697753897,0.0,0.35453877947201284,5,False,0.7324156761169434,0.9404972195625305
2199,87.92,8,131.9332733154297,-6.699485778808632,0.0,0.13827691191456315,5,False,0.7195197343826294,0.9686553478240967
2200,87.96,8,131.523681640625,-12.436027526855439,0.0,0.40362860974913084,5,False,0.7153380513191223,0.9857728481292725
2201,88.0,8,130.87188720703125,-5.509262084961239,0.0,0.2110567485812027,5,False,0.7143580913543701,0.984851598739624
2202,88.04,8,130.91017150878906,-12.454872131347942,0.0,0.9076342891262156,5,False,0.7192550897598267,0.9912064671516418
2203,88.08,8,129.3076171875,-14.662055969238205,0.0,0.8614596696482748,5,False,0.713893473148346,0.9717743992805481
2204,88.12,8,127.75331115722656,-22.762527465820202,0.0,0.8809606738007962,5,False,0.7220134139060974,0.9776751399040222
2205,88.16,8,126.41667175292969,-30.16822814941414,0.0,0.9418092437475284,5,False,0.6903590559959412,0.9512555003166199
2206,88.2,8,125.80924987792969,-32.73197174072305,0.0,0.9774063539168681,5,False,0.7053635716438293,0.9722844362258911
2207,88.24,8,124.63851928710938,-28.205642700195288,0.0,0.9794230872904325,5,False,0.7038272023200989,0.9485116600990295
2208,88.28,8,123.99607849121094,-23.231544494629105,0.0,0.984734598836957,5,False,0.7154662013053894,0.946792483329773
2209,88.32,8,121.7728042602539,-27.752265930176097,0.0,0.9410520289769811,5,False,0.7001866102218628,0.9372704029083252
2210,88.36,8,122.9538345336914,-21.441364288330256,0.0,0.7663517375990099,5,False,0.6956397294998169,0.9302294850349426
2211,88.4,8,123.76373291015625,-6.979541778564633,0.0,0.16020234933389943,5,False,0.7114415764808655,0.9021268486976624
2212,88.44,8,122.62561798095703,-1.8749809265136919,0.0,0.017461804655548474,5,False,0.6821002960205078,0.9218849539756775
2213,88.48,8,120.39041137695312,-7.732505798340081,0.0,0.14493853996956463,5,False,0.7019093036651611,0.9089862704277039
2214,88.52,8,121.05612182617188,-17.92186737060536,0.0,0.6614954107980835,5,False,0.6953377723693848,0.9713972806930542
2215,88.56,8,117.23922729492188,-36.54626846313491,0.0,0.8617701213888276,5,False,0.6819977164268494,0.9056976437568665
2216,88.6,8,119.95062255859375,-21.252937316894336,0.0,0.46723883815909284,5,False,0.6843670606613159,0.9553125500679016
2217,88.64,8,119.3519515991211,-7.956047058105613,0.0,0.11911227032806115,5,False,0.6823171973228455,0.9159857034683228
2218,88.68,8,120.18982696533203,0.9503364562985258,0.0,0.0017586011952401837,5,False,0.6946048140525818,0.957298755645752
2219,88.72,8,119.31830596923828,10.99340438842759,0.0,0.35647742339757893,5,False,0.6851857900619507,0.9405772089958191
2220,88.76,8,119.06141662597656,-4.530143737792982,0.0,0.3654428853640337,5,False,0.6778777837753296,0.9796070456504822
2221,88.8,8,119.52953338623047,-1.933116912842147,0.0,0.08263679376862576,5,False,0.6678589582443237,0.9687865972518921
2222,88.84,8,116.76741790771484,-16.58397674560573,0.0,0.6488387967202831,5,False,0.6788522005081177,0.9679951071739197
2223,88.88,8,115.68165588378906,-23.918247222900415,0.0,0.7582081333164497,5,False,0.6607073545455933,0.9751015305519104
2224,88.92,8,114.33583068847656,-33.24762344360372,0.0,0.9065499975452195,5,False,0.6517525911331177,0.9616255760192871
2225,88.96,8,112.78564453125,-39.79841232299817,0.0,0.9714486687192248,5,False,0.6329062581062317,0.9601983428001404
2226,89.0,8,113.55365753173828,-23.30883026123076,0.0,0.8422383911553747,5,False,0.6616376042366028,0.9770174026489258
2227,89.04,8,111.86734008789062,-21.027011871338132,0.0,0.8291210443923799,5,False,0.6198022961616516,0.9473525285720825
2228,89.08,8,110.45285034179688,-21.710662841797227,0.0,0.8283815869584361,5,False,0.6403124332427979,0.9611600637435913
2229,89.12,8,109.57111358642578,-23.824672698975064,0.0,0.8475267272617789,5,False,0.6144476532936096,0.9649776220321655
2230,89.16,8,107.96839904785156,-33.666858673095874,0.0,0.9909114119440581,5,False,0.6439236402511597,0.94953852891922
2231,89.2,8,108.20494842529297,-24.523086547851776,0.0,0.9184491424048256,5,False,0.6425995826721191,0.9835408329963684
2232,89.24,8,108.973388671875,-10.812721252441595,0.0,0.4531441038635453,5,False,0.6518408060073853,0.9557669162750244
2233,89.28,8,107.53821563720703,-7.6520156860353055,0.0,0.35297492197020996,5,False,0.6466550827026367,0.9784597754478455
2234,89.32,8,106.32431030273438,-9.887275695800891,0.0,0.4099568582558125,5,False,0.6537008881568909,0.972375214099884
2235,89.36,8,105.98090362548828,-17.742919921874876,0.0,0.7978178149719074,5,False,0.631908118724823,0.9748423099517822
2236,89.4,8,109.98704528808594,1.1750030517577883,0.0,0.001886815643095785,5,False,0.6096089482307434,0.9396410584449768
2237,89.44,8,109.23053741455078,17.618446350097418,0.0,0.40104079477648036,5,False,0.6159927845001221,0.9720946550369263
2238,89.48,8,108.58036804199219,19.40437316894519,0.0,0.4750430620984464,5,False,0.6096750497817993,0.9595792293548584
2239,89.52,8,108.6253433227539,9.705505371093565,0.0,0.165417771222666,5,False,0.6138877868652344,0.9565787315368652
2240,89.56,8,108.6802749633789,-8.046836853027301,0.0,0.7174972424333756,5,False,0.6351082921028137,0.9621592164039612
2241,89.6,8,105.52668762207031,-18.269481658935675,0.0,0.6110692604514255,5,False,0.6337532997131348,0.9223454594612122
2242,89.64,8,105.92803192138672,-21.008319854736463,0.0,0.6932228250446171,5,False,0.6270443201065063,0.9543604850769043
2243,89.68,8,106.03677368164062,-19.82345581054709,0.0,0.6479029221072207,5,False,0.6424806118011475,0.9740439653396606
2244,89.72,8,103.61446380615234,-24.05384063720737,0.0,0.7068833109654513,5,False,0.6242809891700745,0.939465343952179
2245,89.76,8,103.57789611816406,-15.527877807617553,0.0,0.6287588490625253,5,False,0.629490852355957,0.9881583452224731
2246,89.8,8,100.40457153320312,-33.76449584960959,0.0,0.8652548877662642,5,False,0.64124596118927,0.9406799077987671
2247,89.84,8,100.60343933105469,-35.19140243530266,0.0,0.8886871728813736,5,False,0.61049884557724,0.9756885766983032
2248,89.88,8,100.78977966308594,-21.559562683105653,0.0,0.6852707395348636,5,False,0.6396936774253845,0.9821516275405884
2249,89.92,8,100.29075622558594,-15.472679138183727,0.0,0.502966731145613,5,False,0.6186337471008301,0.974639892578125
2250,89.96,8,100.00090789794922,-2.800025939941334,0.0,0.3456235775130413,5,False,0.6085129380226135,0.9866198897361755
2251,90.0,8,100.61442565917969,-1.917247772216802,0.0,0.14981042058806626,5,False,0.6121309399604797,0.9697540402412415
2252,90.04,8,100.09162902832031,-2.6815795898437744,0.0,0.2527676561187713,5,False,0.5908417105674744,0.9703588485717773
2253,90.08,8,99.5333023071289,-3.5604667663574365,0.0,0.3210034309627473,5,False,0.5984441637992859,0.970350980758667
2254,90.12,8,99.34009552001953,-6.006870269775468,0.0,0.5750330691058265,5,False,0.6236275434494019,0.9891102910041809
2255,90.16,8,98.38179779052734,-13.041973114013743,0.0,0.9628566328242986,5,False,0.6182724833488464,0.976854681968689
2256,90.2,8,96.65513610839844,-20.061225891113587,0.0,0.8853538645248221,5,False,0.602612316608429,0.9548315405845642
2257,90.24,8,95.74327087402344,-25.662555694580107,0.0,0.9433256039880041,5,False,0.5870323181152344,0.9663374423980713
2258,90.28,8,96.22598266601562,-22.166881561279396,0.0,0.8435259036469034,5,False,0.6167744398117065,0.9254643321037292
2259,90.32,8,95.46398162841797,-15.661964416504109,0.0,0.7424653580570826,5,False,0.6155937910079956,0.9798383712768555
2260,90.36,8,95.3604736328125,-7.171535491943554,0.0,0.6963436119764512,5,False,0.6001722812652588,0.9750809669494629
2261,90.4,8,95.50535583496094,-3.353347778320301,0.0,0.37535976969548523,5,False,0.581699788570404,0.9827144145965576
2262,90.44,8,94.29419708251953,-9.555492401123194,0.0,0.7619657180192013,5,False,0.5798007249832153,0.9519574642181396
2263,90.48,8,93.48695373535156,-12.550830841064547,0.0,0.7803029638365102,5,False,0.621401846408844,0.9573261737823486
2264,90.52,8,92.5633316040039,-19.031715393066605,0.0,0.9290616451779153,5,False,0.6247451901435852,0.9745608568191528
2265,90.56,8,93.9625473022461,-12.041206359863443,0.0,0.4963049943421427,5,False,0.6039283871650696,0.9530590772628784
2266,90.6,8,92.07177734375,-9.923114776611435,0.0,0.4487783781224369,5,False,0.6022229194641113,0.9487437009811401
2267,90.64,8,90.73513793945312,-14.987964630127228,0.0,0.562054539577787,5,False,0.6439771056175232,0.948199450969696
2268,90.68,8,92.49484252929688,-8.410968780517601,0.0,0.21154116905046094,5,False,0.6083831191062927,0.9316774606704712
2269,90.72,8,91.7118911743164,-10.19561767578133,0.0,0.2973254351514931,5,False,0.6426275968551636,0.9212393164634705
2270,90.76,8,91.10189819335938,-2.4075126647949467,0.0,0.045700382101776515,5,False,0.5992946624755859,0.9565339684486389
2271,90.8,8,89.58106231689453,-9.25273895263674,0.0,0.2879460094344106,5,False,0.6287918090820312,0.9658010005950928
2272,90.84,8,89.54939270019531,-20.054321289062706,0.0,0.9453996190678556,5,False,0.6303099393844604,0.9849998354911804
2273,90.88,8,88.7860107421875,-18.51066589355479,0.0,0.9307169994578582,5,False,0.6295145750045776,0.9807479381561279
2274,90.92,8,89.12152099609375,-11.889514923095899,0.0,0.7188834308515969,5,False,0.6186589598655701,0.9886250495910645
2275,90.96,8,88.16571044921875,-8.14643859863281,0.0,0.7651377198831135,5,False,0.608727753162384,0.9788453578948975
2276,91.0,8,87.645751953125,-11.068954467773475,0.0,0.8550311910863561,5,False,0.603194534778595,0.9839335083961487
2277,91.04,8,87.08329772949219,-12.202987670898334,0.0,0.8695065231016251,5,False,0.5933433771133423,0.9703043699264526
2278,91.08,8,85.70442962646484,-19.791488647460962,0.0,0.9669119833123576,5,False,0.5881737470626831,0.9661643505096436
2279,91.12,8,85.28369140625,-19.26340103149428,0.0,0.9642410064752375,5,False,0.5959514379501343,0.9742420315742493
2280,91.16,8,84.65077209472656,-19.473915100097702,0.0,0.9668412205369912,5,False,0.5792913436889648,0.9636492729187012
2281,91.2,8,83.39163970947266,-21.092433929443555,0.0,0.9648609128119782,5,False,0.5583004951477051,0.9630247950553894
2282,91.24,8,84.056396484375,-12.97029495239266,0.0,0.7815712538774624,5,False,0.5596104264259338,0.9325750470161438
2283,91.28,8,82.91390228271484,-13.334884643554815,0.0,0.7888417948615658,5,False,0.5401304364204407,0.9577940702438354
2284,91.32,8,81.50215911865234,-16.93740844726554,0.0,0.7932445901318768,5,False,0.5479430556297302,0.9523670077323914
2285,91.36,8,80.57699584960938,-20.45881271362318,0.0,0.8286690657700897,5,False,0.5467772483825684,0.9502439498901367
2286,91.4,8,81.2874984741211,-19.68675613403326,0.0,0.7928042475358039,5,False,0.5568917393684387,0.9830077886581421
2287,91.44,8,81.23394012451172,-8.93646240234379,0.0,0.43066443865371884,5,False,0.5655118227005005,0.9563902616500854
2288,91.48,8,80.9947280883789,-0.8947944641114725,0.0,0.025743264247266362,5,False,0.5610709190368652,0.9606985449790955
2289,91.52,8,80.81122589111328,0.4392242431639385,0.0,0.008815302250620771,5,False,0.5865182876586914,0.9605474472045898
2290,91.56,8,79.29802703857422,-11.004142761230549,0.0,0.7197459259336179,5,False,0.5606786608695984,0.9639226794242859
2291,91.6,8,79.65251159667969,-12.148895263671779,0.0,0.7894585314611556,5,False,0.5370871424674988,0.9616955518722534
2292,91.64,8,80.60840606689453,-4.828395843505941,0.0,0.16514903052632868,5,False,0.5516633987426758,0.9436445236206055
2293,91.68,8,77.86190795898438,-11.470642089843889,0.0,0.3767317372574672,5,False,0.5149518847465515,0.9167893528938293
2294,91.72,8,78.35191345214844,-9.207077026367275,0.0,0.28873950007653193,5,False,0.514958381652832,0.9554833173751831
2295,91.76,8,77.3775634765625,-17.01597213745111,0.0,0.6527797807260629,5,False,0.49823081493377686,0.9447137117385864
2296,91.8,8,77.40185546875,-17.243614196777468,0.0,0.662707717713712,5,False,0.5149477124214172,0.9043613076210022
2297,91.84,8,75.46525573730469,-14.358406066894627,0.0,0.6865555026474458,5,False,0.48655664920806885,0.9266515970230103
2298,91.88,8,75.54490661621094,-18.815803527832045,0.0,0.8772671786839557,5,False,0.47917115688323975,0.9573426842689514
2299,91.92,8,75.52825927734375,-13.88889312744147,0.0,0.7294539398854104,5,False,0.48805728554725647,0.9335080981254578
2300,91.96,8,75.67572021484375,-8.473167419433768,0.0,0.4167340980192139,5,False,0.4595988094806671,0.9392555952072144
2301,92.0,8,77.96585083007812,12.830009460449107,0.0,0.5629048472130382,5,False,0.48244795203208923,0.9238181114196777
2302,92.04,8,75.67597198486328,6.749305725097652,0.0,0.16291376211295994,5,False,0.45381513237953186,0.9405540823936462
2303,92.08,8,76.7398452758789,6.0585594177244415,0.0,0.13526683889886615,5,False,0.44696012139320374,0.9332138895988464
2304,92.12,8,75.3147964477539,-4.86963272094723,0.0,0.08046908509390793,5,False,0.4165533185005188,0.9622843265533447
2305,92.16,8,74.93482971191406,-16.05804443359382,0.0,0.6829257128431694,5,False,0.420782208442688,0.9671570658683777
2306,92.2,8,74.67286682128906,-9.52806472778322,0.0,0.5584945561428061,5,False,0.43190163373947144,0.9703105092048645
2307,92.24,8,75.50199890136719,-7.794055938720896,0.0,0.38077827844021217,5,False,0.4208972752094269,0.9674275517463684
2308,92.28,0,0.0,0.0,0.0,0.0,0,0,0.0,0.0
2309,92.32,8,74.7847900390625,-1.266739819501052,0.0,0.07600765116823327,5,False,0.40559718012809753,0.9737358689308167
2310,92.36,0,0.0,0.0,0.0,0.0,0,0,0.0,0.0
2311,92.4,0,0.0,0.0,0.0,0.0,0,0,0.0,0.0
2312,92.44,0,0.0,0.0,0.0,0.0,0,0,0.0,0.0
2313,92.48,0,0.0,0.0,0.0,0.0,0,0,0.0,0.0
2314,92.52,0,0.0,0.0,0.0,0.0,0,0,0.0,0.0
2315,92.56,0,0.0,0.0,0.0,0.0,0,0,0.0,0.0
2316,92.6,0,0.0,0.0,0.0,0.0,0,0,0.0,0.0
2317,92.64,0,0.0,0.0,0.0,0.0,0,0,0.0,0.0
2318,92.68,0,0.0,0.0,0.0,0.0,0,0,0.0,0.0
2319,92.72,0,0.0,0.0,0.0,0.0,0,0,0.0,0.0
2320,92.76,0,0.0,0.0,0.0,0.0,0,0,0.0,0.0
2321,92.8,0,0.0,0.0,0.0,0.0,0,0,0.0,0.0
2322,92.84,0,0.0,0.0,0.0,0.0,0,0,0.0,0.0
2323,92.88,0,0.0,0.0,0.0,0.0,0,0,0.0,0.0
2324,92.92,0,0.0,0.0,0.0,0.0,0,0,0.0,0.0
2325,92.96,0,0.0,0.0,0.0,0.0,0,0,0.0,0.0
2326,93.0,0,0.0,0.0,0.0,0.0,0,0,0.0,0.0
2327,93.04,0,0.0,0.0,0.0,0.0,0,0,0.0,0.0
2328,93.08,0,0.0,0.0,0.0,0.0,0,0,0.0,0.0
2329,93.12,0,0.0,0.0,0.0,0.0,0,0,0.0,0.0
2330,93.16,0,0.0,0.0,0.0,0.0,0,0,0.0,0.0
2331,93.2,0,0.0,0.0,0.0,0.0,0,0,0.0,0.0
2332,93.24,0,0.0,0.0,0.0,0.0,0,0,0.0,0.0
2333,93.28,0,0.0,0.0,0.0,0.0,0,0,0.0,0.0
2334,93.32,0,0.0,0.0,0.0,0.0,0,0,0.0,0.0
2335,93.36,0,0.0,0.0,0.0,0.0,0,0,0.0,0.0
2336,93.4,0,0.0,0.0,0.0,0.0,0,0,0.0,0.0
2337,93.44,0,0.0,0.0,0.0,0.0,0,0,0.0,0.0
2338,93.48,0,0.0,0.0,0.0,0.0,0,0,0.0,0.0
2339,93.52,0,0.0,0.0,0.0,0.0,0,0,0.0,0.0
2340,93.56,0,0.0,0.0,0.0,0.0,0,0,0.0,0.0
2341,93.6,0,0.0,0.0,0.0,0.0,0,0,0.0,0.0
2342,93.64,0,0.0,0.0,0.0,0.0,0,0,0.0,0.0
2343,93.68,0,0.0,0.0,0.0,0.0,0,0,0.0,0.0
2344,93.72,0,0.0,0.0,0.0,0.0,0,0,0.0,0.0
2345,93.76,0,0.0,0.0,0.0,0.0,0,0,0.0,0.0
2346,93.8,0,0.0,0.0,0.0,0.0,0,0,0.0,0.0
2347,93.84,0,0.0,0.0,0.0,0.0,0,0,0.0,0.0
2348,93.88,0,0.0,0.0,0.0,0.0,0,0,0.0,0.0
2349,93.92,0,0.0,0.0,0.0,0.0,0,0,0.0,0.0
2350,93.96,0,0.0,0.0,0.0,0.0,0,0,0.0,0.0
2351,94.0,0,0.0,0.0,0.0,0.0,0,0,0.0,0.0
2352,94.04,0,0.0,0.0,0.0,0.0,0,0,0.0,0.0
2353,94.08,0,0.0,0.0,0.0,0.0,0,0,0.0,0.0
2354,94.12,0,0.0,0.0,0.0,0.0,0,0,0.0,0.0
2355,94.16,0,0.0,0.0,0.0,0.0,0,0,0.0,0.0
2356,94.2,0,0.0,0.0,0.0,0.0,0,0,0.0,0.0
2357,94.24,0,0.0,0.0,0.0,0.0,0,0,0.0,0.0
2358,94.28,0,0.0,0.0,0.0,0.0,0,0,0.0,0.0
2359,94.32,0,0.0,0.0,0.0,0.0,0,0,0.0,0.0
2360,94.36,0,0.0,0.0,0.0,0.0,0,0,0.0,0.0
2361,94.4,0,0.0,0.0,0.0,0.0,0,0,0.0,0.0
2362,94.44,0,0.0,0.0,0.0,0.0,0,0,0.0,0.0
2363,94.48,0,0.0,0.0,0.0,0.0,0,0,0.0,0.0
2364,94.52,0,0.0,0.0,0.0,0.0,0,0,0.0,0.0
2365,94.56,0,0.0,0.0,0.0,0.0,0,0,0.0,0.0
2366,94.6,0,0.0,0.0,0.0,0.0,0,0,0.0,0.0
2367,94.64,0,0.0,0.0,0.0,0.0,0,0,0.0,0.0
2368,94.68,0,0.0,0.0,0.0,0.0,0,0,0.0,0.0
2369,94.72,0,0.0,0.0,0.0,0.0,0,0,0.0,0.0
2370,94.76,0,0.0,0.0,0.0,0.0,0,0,0.0,0.0
2371,94.8,0,0.0,0.0,0.0,0.0,0,0,0.0,0.0
2372,94.84,0,0.0,0.0,0.0,0.0,0,0,0.0,0.0
2373,94.88,0,0.0,0.0,0.0,0.0,0,0,0.0,0.0
2374,94.92,0,0.0,0.0,0.0,0.0,0,0,0.0,0.0
2375,94.96,0,0.0,0.0,0.0,0.0,0,0,0.0,0.0
2376,95.0,0,0.0,0.0,0.0,0.0,0,0,0.0,0.0
2377,95.04,0,0.0,0.0,0.0,0.0,0,0,0.0,0.0
2378,95.08,0,0.0,0.0,0.0,0.0,0,0,0.0,0.0
2379,95.12,0,0.0,0.0,0.0,0.0,0,0,0.0,0.0
2380,95.16,0,0.0,0.0,0.0,0.0,0,0,0.0,0.0
2381,95.2,0,0.0,0.0,0.0,0.0,0,0,0.0,0.0
2382,95.24,0,0.0,0.0,0.0,0.0,0,0,0.0,0.0
2383,95.28,0,0.0,0.0,0.0,0.0,0,0,0.0,0.0
2384,95.32,0,0.0,0.0,0.0,0.0,0,0,0.0,0.0
2385,95.36,0,0.0,0.0,0.0,0.0,0,0,0.0,0.0
2386,95.4,0,0.0,0.0,0.0,0.0,0,0,0.0,0.0
2387,95.44,0,0.0,0.0,0.0,0.0,0,0,0.0,0.0
2388,95.48,0,0.0,0.0,0.0,0.0,0,0,0.0,0.0
2389,95.52,0,0.0,0.0,0.0,0.0,0,0,0.0,0.0
2390,95.56,0,0.0,0.0,0.0,0.0,0,0,0.0,0.0
2391,95.6,0,0.0,0.0,0.0,0.0,0,0,0.0,0.0
2392,95.64,0,0.0,0.0,0.0,0.0,0,0,0.0,0.0
2393,95.68,0,0.0,0.0,0.0,0.0,0,0,0.0,0.0
2394,95.72,0,0.0,0.0,0.0,0.0,0,0,0.0,0.0
2395,95.76,0,0.0,0.0,0.0,0.0,0,0,0.0,0.0
2396,95.8,0,0.0,0.0,0.0,0.0,0,0,0.0,0.0
2397,95.84,0,0.0,0.0,0.0,0.0,0,0,0.0,0.0
2398,95.88,0,0.0,0.0,0.0,0.0,0,0,0.0,0.0
2399,95.92,0,0.0,0.0,0.0,0.0,0,0,0.0,0.0
2400,95.96,0,0.0,0.0,0.0,0.0,0,0,0.0,0.0
2401,96.0,0,0.0,0.0,0.0,0.0,0,0,0.0,0.0
2402,96.04,0,0.0,0.0,0.0,0.0,0,0,0.0,0.0
2403,96.08,0,0.0,0.0,0.0,0.0,0,0,0.0,0.0
2404,96.12,0,0.0,0.0,0.0,0.0,0,0,0.0,0.0
2405,96.16,0,0.0,0.0,0.0,0.0,0,0,0.0,0.0
2406,96.2,0,0.0,0.0,0.0,0.0,0,0,0.0,0.0
2407,96.24,0,0.0,0.0,0.0,0.0,0,0,0.0,0.0
2408,96.28,0,0.0,0.0,0.0,0.0,0,0,0.0,0.0
2409,96.32,0,0.0,0.0,0.0,0.0,0,0,0.0,0.0
2410,96.36,0,0.0,0.0,0.0,0.0,0,0,0.0,0.0
2411,96.4,0,0.0,0.0,0.0,0.0,0,0,0.0,0.0
2412,96.44,0,0.0,0.0,0.0,0.0,0,0,0.0,0.0
2413,96.48,0,0.0,0.0,0.0,0.0,0,0,0.0,0.0
2414,96.52,0,0.0,0.0,0.0,0.0,0,0,0.0,0.0
2415,96.56,0,0.0,0.0,0.0,0.0,0,0,0.0,0.0
2416,96.6,0,0.0,0.0,0.0,0.0,0,0,0.0,0.0
2417,96.64,0,0.0,0.0,0.0,0.0,0,0,0.0,0.0
2418,96.68,0,0.0,0.0,0.0,0.0,0,0,0.0,0.0
2419,96.72,0,0.0,0.0,0.0,0.0,0,0,0.0,0.0
2420,96.76,0,0.0,0.0,0.0,0.0,0,0,0.0,0.0
2421,96.8,0,0.0,0.0,0.0,0.0,0,0,0.0,0.0
2422,96.84,0,0.0,0.0,0.0,0.0,0,0,0.0,0.0
2423,96.88,0,0.0,0.0,0.0,0.0,0,0,0.0,0.0
2424,96.92,0,0.0,0.0,0.0,0.0,0,0,0.0,0.0
2425,96.96,0,0.0,0.0,0.0,0.0,0,0,0.0,0.0
2426,97.0,0,0.0,0.0,0.0,0.0,0,0,0.0,0.0
2427,97.04,11,83.54106903076172,,0.0,,1,False,0.4952162504196167,0.0
2428,97.08,11,80.40352630615234,,0.0,,2,False,0.4970938265323639,0.860032856464386
2429,97.12,11,80.77268981933594,,0.0,,3,False,0.4470117390155792,0.8739644885063171
2430,97.16,11,77.88886260986328,,0.0,,4,False,0.44900915026664734,0.8882015347480774
2431,97.2,0,0.0,0.0,0.0,0.0,0,0,0.0,0.0
2432,97.24,0,0.0,0.0,0.0,0.0,0,0,0.0,0.0
2433,97.28,0,0.0,0.0,0.0,0.0,0,0,0.0,0.0
2434,97.32,0,0.0,0.0,0.0,0.0,0,0,0.0,0.0
2435,97.36,0,0.0,0.0,0.0,0.0,0,0,0.0,0.0
2436,97.4,0,0.0,0.0,0.0,0.0,0,0,0.0,0.0
2437,97.44,0,0.0,0.0,0.0,0.0,0,0,0.0,0.0
2438,97.48,0,0.0,0.0,0.0,0.0,0,0,0.0,0.0
2439,97.52,0,0.0,0.0,0.0,0.0,0,0,0.0,0.0
2440,97.56,0,0.0,0.0,0.0,0.0,0,0,0.0,0.0
2441,97.6,0,0.0,0.0,0.0,0.0,0,0,0.0,0.0
2442,97.64,0,0.0,0.0,0.0,0.0,0,0,0.0,0.0
2443,97.68,0,0.0,0.0,0.0,0.0,0,0,0.0,0.0
2444,97.72,0,0.0,0.0,0.0,0.0,0,0,0.0,0.0
2445,97.76,0,0.0,0.0,0.0,0.0,0,0,0.0,0.0
2446,97.8,0,0.0,0.0,0.0,0.0,0,0,0.0,0.0
2447,97.84,0,0.0,0.0,0.0,0.0,0,0,0.0,0.0
2448,97.88,0,0.0,0.0,0.0,0.0,0,0,0.0,0.0
2449,97.92,0,0.0,0.0,0.0,0.0,0,0,0.0,0.0
2450,97.96,0,0.0,0.0,0.0,0.0,0,0,0.0,0.0
2451,98.0,0,0.0,0.0,0.0,0.0,0,0,0.0,0.0
2452,98.04,0,0.0,0.0,0.0,0.0,0,0,0.0,0.0
2453,98.08,0,0.0,0.0,0.0,0.0,0,0,0.0,0.0
2454,98.12,0,0.0,0.0,0.0,0.0,0,0,0.0,0.0
2455,98.16,0,0.0,0.0,0.0,0.0,0,0,0.0,0.0
2456,98.2,0,0.0,0.0,0.0,0.0,0,0,0.0,0.0
2457,98.24,0,0.0,0.0,0.0,0.0,0,0,0.0,0.0
2458,98.28,0,0.0,0.0,0.0,0.0,0,0,0.0,0.0
2459,98.32,0,0.0,0.0,0.0,0.0,0,0,0.0,0.0
2460,98.36,0,0.0,0.0,0.0,0.0,0,0,0.0,0.0
2461,98.4,0,0.0,0.0,0.0,0.0,0,0,0.0,0.0
2462,98.44,0,0.0,0.0,0.0,0.0,0,0,0.0,0.0
2463,98.48,0,0.0,0.0,0.0,0.0,0,0,0.0,0.0
2464,98.52,0,0.0,0.0,0.0,0.0,0,0,0.0,0.0
2465,98.56,0,0.0,0.0,0.0,0.0,0,0,0.0,0.0
2466,98.6,0,0.0,0.0,0.0,0.0,0,0,0.0,0.0
2467,98.64,0,0.0,0.0,0.0,0.0,0,0,0.0,0.0
2468,98.68,0,0.0,0.0,0.0,0.0,0,0,0.0,0.0
2469,98.72,0,0.0,0.0,0.0,0.0,0,0,0.0,0.0
2470,98.76,0,0.0,0.0,0.0,0.0,0,0,0.0,0.0
2471,98.8,0,0.0,0.0,0.0,0.0,0,0,0.0,0.0
2472,98.84,0,0.0,0.0,0.0,0.0,0,0,0.0,0.0
2473,98.88,0,0.0,0.0,0.0,0.0,0,0,0.0,0.0
2474,98.92,0,0.0,0.0,0.0,0.0,0,0,0.0,0.0
2475,98.96,0,0.0,0.0,0.0,0.0,0,0,0.0,0.0
2476,99.0,0,0.0,0.0,0.0,0.0,0,0,0.0,0.0
2477,99.04,0,0.0,0.0,0.0,0.0,0,0,0.0,0.0
2478,99.08,0,0.0,0.0,0.0,0.0,0,0,0.0,0.0
2479,99.12,0,0.0,0.0,0.0,0.0,0,0,0.0,0.0
2480,99.16,0,0.0,0.0,0.0,0.0,0,0,0.0,0.0
2481,99.2,0,0.0,0.0,0.0,0.0,0,0,0.0,0.0
2482,99.24,0,0.0,0.0,0.0,0.0,0,0,0.0,0.0
2483,99.28,0,0.0,0.0,0.0,0.0,0,0,0.0,0.0
2484,99.32,0,0.0,0.0,0.0,0.0,0,0,0.0,0.0
2485,99.36,0,0.0,0.0,0.0,0.0,0,0,0.0,0.0
2486,99.4,0,0.0,0.0,0.0,0.0,0,0,0.0,0.0
2487,99.44,0,0.0,0.0,0.0,0.0,0,0,0.0,0.0
2488,99.48,0,0.0,0.0,0.0,0.0,0,0,0.0,0.0
2489,99.52,0,0.0,0.0,0.0,0.0,0,0,0.0,0.0
2490,99.56,0,0.0,0.0,0.0,0.0,0,0,0.0,0.0
2491,99.6,0,0.0,0.0,0.0,0.0,0,0,0.0,0.0
2492,99.64,0,0.0,0.0,0.0,0.0,0,0,0.0,0.0
2493,99.68,0,0.0,0.0,0.0,0.0,0,0,0.0,0.0
2494,99.72,0,0.0,0.0,0.0,0.0,0,0,0.0,0.0
2495,99.76,0,0.0,0.0,0.0,0.0,0,0,0.0,0.0
2496,99.8,0,0.0,0.0,0.0,0.0,0,0,0.0,0.0
2497,99.84,0,0.0,0.0,0.0,0.0,0,0,0.0,0.0
2498,99.88,0,0.0,0.0,0.0,0.0,0,0,0.0,0.0
2499,99.92,0,0.0,0.0,0.0,0.0,0,0,0.0,0.0
2500,99.96,0,0.0,0.0,0.0,0.0,0,0,0.0,0.0
2501,100.0,0,0.0,0.0,0.0,0.0,0,0,0.0,0.0
2502,100.04,0,0.0,0.0,0.0,0.0,0,0,0.0,0.0
2503,100.08,0,0.0,0.0,0.0,0.0,0,0,0.0,0.0
2504,100.12,0,0.0,0.0,0.0,0.0,0,0,0.0,0.0
2505,100.16,0,0.0,0.0,0.0,0.0,0,0,0.0,0.0
2506,100.2,0,0.0,0.0,0.0,0.0,0,0,0.0,0.0
2507,100.24,0,0.0,0.0,0.0,0.0,0,0,0.0,0.0
2508,100.28,0,0.0,0.0,0.0,0.0,0,0,0.0,0.0
2509,100.32,0,0.0,0.0,0.0,0.0,0,0,0.0,0.0
2510,100.36,0,0.0,0.0,0.0,0.0,0,0,0.0,0.0
2511,100.4,0,0.0,0.0,0.0,0.0,0,0,0.0,0.0
2512,100.44,0,0.0,0.0,0.0,0.0,0,0,0.0,0.0
2513,100.48,0,0.0,0.0,0.0,0.0,0,0,0.0,0.0
2514,100.52,0,0.0,0.0,0.0,0.0,0,0,0.0,0.0
2515,100.56,0,0.0,0.0,0.0,0.0,0,0,0.0,0.0
2516,100.6,0,0.0,0.0,0.0,0.0,0,0,0.0,0.0
2517,100.64,0,0.0,0.0,0.0,0.0,0,0,0.0,0.0
2518,100.68,0,0.0,0.0,0.0,0.0,0,0,0.0,0.0
2519,100.72,0,0.0,0.0,0.0,0.0,0,0,0.0,0.0
2520,100.76,0,0.0,0.0,0.0,0.0,0,0,0.0,0.0
2521,100.8,0,0.0,0.0,0.0,0.0,0,0,0.0,0.0
2522,100.84,0,0.0,0.0,0.0,0.0,0,0,0.0,0.0
2523,100.88,0,0.0,0.0,0.0,0.0,0,0,0.0,0.0
2524,100.92,0,0.0,0.0,0.0,0.0,0,0,0.0,0.0
2525,100.96,0,0.0,0.0,0.0,0.0,0,0,0.0,0.0
2526,101.0,0,0.0,0.0,0.0,0.0,0,0,0.0,0.0
2527,101.04,0,0.0,0.0,0.0,0.0,0,0,0.0,0.0
2528,101.08,0,0.0,0.0,0.0,0.0,0,0,0.0,0.0
2529,101.12,0,0.0,0.0,0.0,0.0,0,0,0.0,0.0
2530,101.16,0,0.0,0.0,0.0,0.0,0,0,0.0,0.0
2531,101.2,0,0.0,0.0,0.0,0.0,0,0,0.0,0.0
2532,101.24,0,0.0,0.0,0.0,0.0,0,0,0.0,0.0
2533,101.28,0,0.0,0.0,0.0,0.0,0,0,0.0,0.0
2534,101.32,0,0.0,0.0,0.0,0.0,0,0,0.0,0.0
2535,101.36,0,0.0,0.0,0.0,0.0,0,0,0.0,0.0
2536,101.4,0,0.0,0.0,0.0,0.0,0,0,0.0,0.0
2537,101.44,0,0.0,0.0,0.0,0.0,0,0,0.0,0.0
2538,101.48,0,0.0,0.0,0.0,0.0,0,0,0.0,0.0
2539,101.52,0,0.0,0.0,0.0,0.0,0,0,0.0,0.0
2540,101.56,0,0.0,0.0,0.0,0.0,0,0,0.0,0.0
2541,101.6,0,0.0,0.0,0.0,0.0,0,0,0.0,0.0
2542,101.64,0,0.0,0.0,0.0,0.0,0,0,0.0,0.0
2543,101.68,0,0.0,0.0,0.0,0.0,0,0,0.0,0.0
2544,101.72,0,0.0,0.0,0.0,0.0,0,0,0.0,0.0
2545,101.76,0,0.0,0.0,0.0,0.0,0,0,0.0,0.0
2546,101.8,0,0.0,0.0,0.0,0.0,0,0,0.0,0.0
2547,101.84,0,0.0,0.0,0.0,0.0,0,0,0.0,0.0
2548,101.88,0,0.0,0.0,0.0,0.0,0,0,0.0,0.0
2549,101.92,0,0.0,0.0,0.0,0.0,0,0,0.0,0.0
2550,101.96,0,0.0,0.0,0.0,0.0,0,0,0.0,0.0
2551,102.0,0,0.0,0.0,0.0,0.0,0,0,0.0,0.0
2552,102.04,0,0.0,0.0,0.0,0.0,0,0,0.0,0.0
2553,102.08,0,0.0,0.0,0.0,0.0,0,0,0.0,0.0
2554,102.12,0,0.0,0.0,0.0,0.0,0,0,0.0,0.0
2555,102.16,0,0.0,0.0,0.0,0.0,0,0,0.0,0.0
2556,102.2,0,0.0,0.0,0.0,0.0,0,0,0.0,0.0
2557,102.24,0,0.0,0.0,0.0,0.0,0,0,0.0,0.0
2558,102.28,0,0.0,0.0,0.0,0.0,0,0,0.0,0.0
2559,102.32,0,0.0,0.0,0.0,0.0,0,0,0.0,0.0
2560,102.36,0,0.0,0.0,0.0,0.0,0,0,0.0,0.0
2561,102.4,0,0.0,0.0,0.0,0.0,0,0,0.0,0.0
2562,102.44,0,0.0,0.0,0.0,0.0,0,0,0.0,0.0
2563,102.48,0,0.0,0.0,0.0,0.0,0,0,0.0,0.0
2564,102.52,0,0.0,0.0,0.0,0.0,0,0,0.0,0.0
2565,102.56,0,0.0,0.0,0.0,0.0,0,0,0.0,0.0
2566,102.6,0,0.0,0.0,0.0,0.0,0,0,0.0,0.0
2567,102.64,0,0.0,0.0,0.0,0.0,0,0,0.0,0.0
2568,102.68,0,0.0,0.0,0.0,0.0,0,0,0.0,0.0
2569,102.72,0,0.0,0.0,0.0,0.0,0,0,0.0,0.0
2570,102.76,0,0.0,0.0,0.0,0.0,0,0,0.0,0.0
2571,102.8,0,0.0,0.0,0.0,0.0,0,0,0.0,0.0
2572,102.84,0,0.0,0.0,0.0,0.0,0,0,0.0,0.0
2573,102.88,0,0.0,0.0,0.0,0.0,0,0,0.0,0.0
2574,102.92,0,0.0,0.0,0.0,0.0,0,0,0.0,0.0
2575,102.96,0,0.0,0.0,0.0,0.0,0,0,0.0,0.0
2576,103.0,0,0.0,0.0,0.0,0.0,0,0,0.0,0.0
2577,103.04,0,0.0,0.0,0.0,0.0,0,0,0.0,0.0
2578,103.08,0,0.0,0.0,0.0,0.0,0,0,0.0,0.0
2579,103.12,0,0.0,0.0,0.0,0.0,0,0,0.0,0.0
2580,103.16,0,0.0,0.0,0.0,0.0,0,0,0.0,0.0
2581,103.2,0,0.0,0.0,0.0,0.0,0,0,0.0,0.0
2582,103.24,0,0.0,0.0,0.0,0.0,0,0,0.0,0.0
2583,103.28,0,0.0,0.0,0.0,0.0,0,0,0.0,0.0
2584,103.32,0,0.0,0.0,0.0,0.0,0,0,0.0,0.0
2585,103.36,0,0.0,0.0,0.0,0.0,0,0,0.0,0.0
2586,103.4,0,0.0,0.0,0.0,0.0,0,0,0.0,0.0
2587,103.44,0,0.0,0.0,0.0,0.0,0,0,0.0,0.0
2588,103.48,0,0.0,0.0,0.0,0.0,0,0,0.0,0.0
2589,103.52,0,0.0,0.0,0.0,0.0,0,0,0.0,0.0
2590,103.56,0,0.0,0.0,0.0,0.0,0,0,0.0,0.0
2591,103.6,0,0.0,0.0,0.0,0.0,0,0,0.0,0.0
2592,103.64,0,0.0,0.0,0.0,0.0,0,0,0.0,0.0
2593,103.68,0,0.0,0.0,0.0,0.0,0,0,0.0,0.0
2594,103.72,0,0.0,0.0,0.0,0.0,0,0,0.0,0.0
2595,103.76,0,0.0,0.0,0.0,0.0,0,0,0.0,0.0
2596,103.8,0,0.0,0.0,0.0,0.0,0,0,0.0,0.0
2597,103.84,0,0.0,0.0,0.0,0.0,0,0,0.0,0.0
2598,103.88,0,0.0,0.0,0.0,0.0,0,0,0.0,0.0
2599,103.92,0,0.0,0.0,0.0,0.0,0,0,0.0,0.0
2600,103.96,0,0.0,0.0,0.0,0.0,0,0,0.0,0.0
2601,104.0,0,0.0,0.0,0.0,0.0,0,0,0.0,0.0
2602,104.04,0,0.0,0.0,0.0,0.0,0,0,0.0,0.0
2603,104.08,0,0.0,0.0,0.0,0.0,0,0,0.0,0.0
2604,104.12,0,0.0,0.0,0.0,0.0,0,0,0.0,0.0
2605,104.16,0,0.0,0.0,0.0,0.0,0,0,0.0,0.0
2606,104.2,0,0.0,0.0,0.0,0.0,0,0,0.0,0.0
2607,104.24,0,0.0,0.0,0.0,0.0,0,0,0.0,0.0
2608,104.28,0,0.0,0.0,0.0,0.0,0,0,0.0,0.0
2609,104.32,0,0.0,0.0,0.0,0.0,0,0,0.0,0.0
2610,104.36,0,0.0,0.0,0.0,0.0,0,0,0.0,0.0
2611,104.4,0,0.0,0.0,0.0,0.0,0,0,0.0,0.0
2612,104.44,0,0.0,0.0,0.0,0.0,0,0,0.0,0.0
2613,104.48,0,0.0,0.0,0.0,0.0,0,0,0.0,0.0
2614,104.52,0,0.0,0.0,0.0,0.0,0,0,0.0,0.0
2615,104.56,0,0.0,0.0,0.0,0.0,0,0,0.0,0.0
2616,104.6,0,0.0,0.0,0.0,0.0,0,0,0.0,0.0
2617,104.64,0,0.0,0.0,0.0,0.0,0,0,0.0,0.0
2618,104.68,0,0.0,0.0,0.0,0.0,0,0,0.0,0.0
2619,104.72,0,0.0,0.0,0.0,0.0,0,0,0.0,0.0
2620,104.76,0,0.0,0.0,0.0,0.0,0,0,0.0,0.0
2621,104.8,0,0.0,0.0,0.0,0.0,0,0,0.0,0.0
2622,104.84,0,0.0,0.0,0.0,0.0,0,0,0.0,0.0
2623,104.88,0,0.0,0.0,0.0,0.0,0,0,0.0,0.0
2624,104.92,0,0.0,0.0,0.0,0.0,0,0,0.0,0.0
2625,104.96,0,0.0,0.0,0.0,0.0,0,0,0.0,0.0
2626,105.0,0,0.0,0.0,0.0,0.0,0,0,0.0,0.0
2627,105.04,0,0.0,0.0,0.0,0.0,0,0,0.0,0.0
2628,105.08,0,0.0,0.0,0.0,0.0,0,0,0.0,0.0
2629,105.12,0,0.0,0.0,0.0,0.0,0,0,0.0,0.0
2630,105.16,0,0.0,0.0,0.0,0.0,0,0,0.0,0.0
2631,105.2,0,0.0,0.0,0.0,0.0,0,0,0.0,0.0
2632,105.24,0,0.0,0.0,0.0,0.0,0,0,0.0,0.0
2633,105.28,0,0.0,0.0,0.0,0.0,0,0,0.0,0.0
2634,105.32,0,0.0,0.0,0.0,0.0,0,0,0.0,0.0
2635,105.36,0,0.0,0.0,0.0,0.0,0,0,0.0,0.0
2636,105.4,0,0.0,0.0,0.0,0.0,0,0,0.0,0.0
2637,105.44,0,0.0,0.0,0.0,0.0,0,0,0.0,0.0
2638,105.48,0,0.0,0.0,0.0,0.0,0,0,0.0,0.0
2639,105.52,0,0.0,0.0,0.0,0.0,0,0,0.0,0.0
2640,105.56,0,0.0,0.0,0.0,0.0,0,0,0.0,0.0
2641,105.6,0,0.0,0.0,0.0,0.0,0,0,0.0,0.0
2642,105.64,0,0.0,0.0,0.0,0.0,0,0,0.0,0.0
2643,105.68,0,0.0,0.0,0.0,0.0,0,0,0.0,0.0
2644,105.72,0,0.0,0.0,0.0,0.0,0,0,0.0,0.0
2645,105.76,0,0.0,0.0,0.0,0.0,0,0,0.0,0.0
2646,105.8,0,0.0,0.0,0.0,0.0,0,0,0.0,0.0
2647,105.84,0,0.0,0.0,0.0,0.0,0,0,0.0,0.0
2648,105.88,0,0.0,0.0,0.0,0.0,0,0,0.0,0.0
2649,105.92,0,0.0,0.0,0.0,0.0,0,0,0.0,0.0
2650,105.96,0,0.0,0.0,0.0,0.0,0,0,0.0,0.0
2651,106.0,0,0.0,0.0,0.0,0.0,0,0,0.0,0.0
2652,106.04,0,0.0,0.0,0.0,0.0,0,0,0.0,0.0
2653,106.08,0,0.0,0.0,0.0,0.0,0,0,0.0,0.0
2654,106.12,0,0.0,0.0,0.0,0.0,0,0,0.0,0.0
2655,106.16,0,0.0,0.0,0.0,0.0,0,0,0.0,0.0
2656,106.2,0,0.0,0.0,0.0,0.0,0,0,0.0,0.0
2657,106.24,0,0.0,0.0,0.0,0.0,0,0,0.0,0.0
2658,106.28,0,0.0,0.0,0.0,0.0,0,0,0.0,0.0
2659,106.32,0,0.0,0.0,0.0,0.0,0,0,0.0,0.0
2660,106.36,0,0.0,0.0,0.0,0.0,0,0,0.0,0.0
2661,106.4,0,0.0,0.0,0.0,0.0,0,0,0.0,0.0
2662,106.44,0,0.0,0.0,0.0,0.0,0,0,0.0,0.0
2663,106.48,0,0.0,0.0,0.0,0.0,0,0,0.0,0.0
2664,106.52,0,0.0,0.0,0.0,0.0,0,0,0.0,0.0
2665,106.56,0,0.0,0.0,0.0,0.0,0,0,0.0,0.0
2666,106.6,0,0.0,0.0,0.0,0.0,0,0,0.0,0.0
2667,106.64,0,0.0,0.0,0.0,0.0,0,0,0.0,0.0
2668,106.68,0,0.0,0.0,0.0,0.0,0,0,0.0,0.0
2669,106.72,0,0.0,0.0,0.0,0.0,0,0,0.0,0.0
2670,106.76,0,0.0,0.0,0.0,0.0,0,0,0.0,0.0
2671,106.8,0,0.0,0.0,0.0,0.0,0,0,0.0,0.0
2672,106.84,0,0.0,0.0,0.0,0.0,0,0,0.0,0.0
2673,106.88,0,0.0,0.0,0.0,0.0,0,0,0.0,0.0
2674,106.92,0,0.0,0.0,0.0,0.0,0,0,0.0,0.0
2675,106.96,0,0.0,0.0,0.0,0.0,0,0,0.0,0.0
2676,107.0,0,0.0,0.0,0.0,0.0,0,0,0.0,0.0
2677,107.04,0,0.0,0.0,0.0,0.0,0,0,0.0,0.0
2678,107.08,0,0.0,0.0,0.0,0.0,0,0,0.0,0.0
2679,107.12,0,0.0,0.0,0.0,0.0,0,0,0.0,0.0
2680,107.16,0,0.0,0.0,0.0,0.0,0,0,0.0,0.0
2681,107.2,0,0.0,0.0,0.0,0.0,0,0,0.0,0.0
2682,107.24,0,0.0,0.0,0.0,0.0,0,0,0.0,0.0
2683,107.28,0,0.0,0.0,0.0,0.0,0,0,0.0,0.0
2684,107.32,0,0.0,0.0,0.0,0.0,0,0,0.0,0.0
2685,107.36,0,0.0,0.0,0.0,0.0,0,0,0.0,0.0
2686,107.4,0,0.0,0.0,0.0,0.0,0,0,0.0,0.0
2687,107.44,0,0.0,0.0,0.0,0.0,0,0,0.0,0.0
2688,107.48,0,0.0,0.0,0.0,0.0,0,0,0.0,0.0
2689,107.52,0,0.0,0.0,0.0,0.0,0,0,0.0,0.0
2690,107.56,0,0.0,0.0,0.0,0.0,0,0,0.0,0.0
2691,107.6,0,0.0,0.0,0.0,0.0,0,0,0.0,0.0
2692,107.64,0,0.0,0.0,0.0,0.0,0,0,0.0,0.0
2693,107.68,0,0.0,0.0,0.0,0.0,0,0,0.0,0.0
2694,107.72,0,0.0,0.0,0.0,0.0,0,0,0.0,0.0
2695,107.76,0,0.0,0.0,0.0,0.0,0,0,0.0,0.0
2696,107.8,0,0.0,0.0,0.0,0.0,0,0,0.0,0.0
2697,107.84,0,0.0,0.0,0.0,0.0,0,0,0.0,0.0
2698,107.88,0,0.0,0.0,0.0,0.0,0,0,0.0,0.0
2699,107.92,0,0.0,0.0,0.0,0.0,0,0,0.0,0.0
2700,107.96,0,0.0,0.0,0.0,0.0,0,0,0.0,0.0
2701,108.0,0,0.0,0.0,0.0,0.0,0,0,0.0,0.0
2702,108.04,0,0.0,0.0,0.0,0.0,0,0,0.0,0.0
2703,108.08,0,0.0,0.0,0.0,0.0,0,0,0.0,0.0
2704,108.12,0,0.0,0.0,0.0,0.0,0,0,0.0,0.0
2705,108.16,0,0.0,0.0,0.0,0.0,0,0,0.0,0.0
2706,108.2,0,0.0,0.0,0.0,0.0,0,0,0.0,0.0
2707,108.24,0,0.0,0.0,0.0,0.0,0,0,0.0,0.0
2708,108.28,0,0.0,0.0,0.0,0.0,0,0,0.0,0.0
2709,108.32,0,0.0,0.0,0.0,0.0,0,0,0.0,0.0
2710,108.36,0,0.0,0.0,0.0,0.0,0,0,0.0,0.0
2711,108.4,0,0.0,0.0,0.0,0.0,0,0,0.0,0.0
2712,108.44,0,0.0,0.0,0.0,0.0,0,0,0.0,0.0
2713,108.48,0,0.0,0.0,0.0,0.0,0,0,0.0,0.0
2714,108.52,0,0.0,0.0,0.0,0.0,0,0,0.0,0.0
2715,108.56,0,0.0,0.0,0.0,0.0,0,0,0.0,0.0
2716,108.6,0,0.0,0.0,0.0,0.0,0,0,0.0,0.0
2717,108.64,0,0.0,0.0,0.0,0.0,0,0,0.0,0.0
2718,108.68,0,0.0,0.0,0.0,0.0,0,0,0.0,0.0
2719,108.72,0,0.0,0.0,0.0,0.0,0,0,0.0,0.0
2720,108.76,0,0.0,0.0,0.0,0.0,0,0,0.0,0.0
2721,108.8,0,0.0,0.0,0.0,0.0,0,0,0.0,0.0
2722,108.84,0,0.0,0.0,0.0,0.0,0,0,0.0,0.0
2723,108.88,0,0.0,0.0,0.0,0.0,0,0,0.0,0.0
2724,108.92,0,0.0,0.0,0.0,0.0,0,0,0.0,0.0
2725,108.96,0,0.0,0.0,0.0,0.0,0,0,0.0,0.0
2726,109.0,0,0.0,0.0,0.0,0.0,0,0,0.0,0.0
2727,109.04,0,0.0,0.0,0.0,0.0,0,0,0.0,0.0
2728,109.08,0,0.0,0.0,0.0,0.0,0,0,0.0,0.0
2729,109.12,0,0.0,0.0,0.0,0.0,0,0,0.0,0.0
2730,109.16,0,0.0,0.0,0.0,0.0,0,0,0.0,0.0
2731,109.2,0,0.0,0.0,0.0,0.0,0,0,0.0,0.0
2732,109.24,0,0.0,0.0,0.0,0.0,0,0,0.0,0.0
2733,109.28,0,0.0,0.0,0.0,0.0,0,0,0.0,0.0
2734,109.32,0,0.0,0.0,0.0,0.0,0,0,0.0,0.0
2735,109.36,0,0.0,0.0,0.0,0.0,0,0,0.0,0.0
2736,109.4,0,0.0,0.0,0.0,0.0,0,0,0.0,0.0
2737,109.44,0,0.0,0.0,0.0,0.0,0,0,0.0,0.0
2738,109.48,0,0.0,0.0,0.0,0.0,0,0,0.0,0.0
2739,109.52,0,0.0,0.0,0.0,0.0,0,0,0.0,0.0
2740,109.56,0,0.0,0.0,0.0,0.0,0,0,0.0,0.0
2741,109.6,0,0.0,0.0,0.0,0.0,0,0,0.0,0.0
2742,109.64,0,0.0,0.0,0.0,0.0,0,0,0.0,0.0
2743,109.68,0,0.0,0.0,0.0,0.0,0,0,0.0,0.0
2744,109.72,0,0.0,0.0,0.0,0.0,0,0,0.0,0.0
2745,109.76,0,0.0,0.0,0.0,0.0,0,0,0.0,0.0
2746,109.8,0,0.0,0.0,0.0,0.0,0,0,0.0,0.0
2747,109.84,0,0.0,0.0,0.0,0.0,0,0,0.0,0.0
2748,109.88,0,0.0,0.0,0.0,0.0,0,0,0.0,0.0
2749,109.92,0,0.0,0.0,0.0,0.0,0,0,0.0,0.0
2750,109.96,0,0.0,0.0,0.0,0.0,0,0,0.0,0.0
2751,110.0,0,0.0,0.0,0.0,0.0,0,0,0.0,0.0
2752,110.04,0,0.0,0.0,0.0,0.0,0,0,0.0,0.0
2753,110.08,0,0.0,0.0,0.0,0.0,0,0,0.0,0.0
2754,110.12,0,0.0,0.0,0.0,0.0,0,0,0.0,0.0
2755,110.16,0,0.0,0.0,0.0,0.0,0,0,0.0,0.0
2756,110.2,0,0.0,0.0,0.0,0.0,0,0,0.0,0.0
2757,110.24,0,0.0,0.0,0.0,0.0,0,0,0.0,0.0
2758,110.28,0,0.0,0.0,0.0,0.0,0,0,0.0,0.0
2759,110.32,0,0.0,0.0,0.0,0.0,0,0,0.0,0.0
2760,110.36,0,0.0,0.0,0.0,0.0,0,0,0.0,0.0
2761,110.4,0,0.0,0.0,0.0,0.0,0,0,0.0,0.0
2762,110.44,0,0.0,0.0,0.0,0.0,0,0,0.0,0.0
2763,110.48,0,0.0,0.0,0.0,0.0,0,0,0.0,0.0
2764,110.52,0,0.0,0.0,0.0,0.0,0,0,0.0,0.0
2765,110.56,0,0.0,0.0,0.0,0.0,0,0,0.0,0.0
2766,110.6,0,0.0,0.0,0.0,0.0,0,0,0.0,0.0
2767,110.64,0,0.0,0.0,0.0,0.0,0,0,0.0,0.0
2768,110.68,0,0.0,0.0,0.0,0.0,0,0,0.0,0.0
2769,110.72,0,0.0,0.0,0.0,0.0,0,0,0.0,0.0
2770,110.76,0,0.0,0.0,0.0,0.0,0,0,0.0,0.0
2771,110.8,0,0.0,0.0,0.0,0.0,0,0,0.0,0.0
2772,110.84,0,0.0,0.0,0.0,0.0,0,0,0.0,0.0
2773,110.88,0,0.0,0.0,0.0,0.0,0,0,0.0,0.0
2774,110.92,0,0.0,0.0,0.0,0.0,0,0,0.0,0.0
2775,110.96,0,0.0,0.0,0.0,0.0,0,0,0.0,0.0
2776,111.0,0,0.0,0.0,0.0,0.0,0,0,0.0,0.0
2777,111.04,0,0.0,0.0,0.0,0.0,0,0,0.0,0.0
2778,111.08,0,0.0,0.0,0.0,0.0,0,0,0.0,0.0
2779,111.12,0,0.0,0.0,0.0,0.0,0,0,0.0,0.0
2780,111.16,0,0.0,0.0,0.0,0.0,0,0,0.0,0.0
2781,111.2,0,0.0,0.0,0.0,0.0,0,0,0.0,0.0
2782,111.24,0,0.0,0.0,0.0,0.0,0,0,0.0,0.0
2783,111.28,0,0.0,0.0,0.0,0.0,0,0,0.0,0.0
2784,111.32,0,0.0,0.0,0.0,0.0,0,0,0.0,0.0
2785,111.36,0,0.0,0.0,0.0,0.0,0,0,0.0,0.0
2786,111.4,0,0.0,0.0,0.0,0.0,0,0,0.0,0.0
2787,111.44,0,0.0,0.0,0.0,0.0,0,0,0.0,0.0
2788,111.48,0,0.0,0.0,0.0,0.0,0,0,0.0,0.0
2789,111.52,0,0.0,0.0,0.0,0.0,0,0,0.0,0.0
2790,111.56,0,0.0,0.0,0.0,0.0,0,0,0.0,0.0
2791,111.6,0,0.0,0.0,0.0,0.0,0,0,0.0,0.0
2792,111.64,0,0.0,0.0,0.0,0.0,0,0,0.0,0.0
2793,111.68,0,0.0,0.0,0.0,0.0,0,0,0.0,0.0
2794,111.72,12,79.83361053466797,,0.0,,1,False,0.46956536173820496,0.0
2795,111.76,12,76.84516143798828,,0.0,,2,False,0.43830376863479614,0.943024218082428
2796,111.8,12,75.99063110351562,,0.0,,3,False,0.4480081796646118,0.8594297170639038
2797,111.84,12,76.17662048339844,,0.0,,4,False,0.43835777044296265,0.9038432836532593
2798,111.88,12,76.32442474365234,-19.21728134155289,0.0,0.5792608011202205,5,False,0.4294048845767975,0.843513011932373
2799,111.92,12,76.66508483886719,-0.06589889526373587,0.0,0.00014133089692958123,5,False,0.40349945425987244,0.8444687724113464
2800,111.96,12,75.79090118408203,0.22251129150377566,0.0,0.0017882928628729644,5,False,0.44680899381637573,0.8370475769042969
2801,112.0,12,78.69498443603516,11.258010864257637,0.0,0.3886323256666757,5,False,0.43022456765174866,0.8202108144760132
2802,112.04,12,77.91409301757812,13.023090362548839,0.0,0.47534811334531324,5,False,0.4448178708553314,0.9466416239738464
2803,112.08,12,81.26166534423828,28.290882110595657,0.0,0.720667714746476,5,False,0.44488170742988586,0.847885251045227
2804,112.12,12,81.81845092773438,36.55445098876938,2.238262337816849,0.8696837819559289,5,False,0.49252849817276,0.8974661231040955
2805,112.16,12,81.01962280273438,21.38408660888665,0.0,0.6152539445706413,5,False,0.4853418171405792,0.8555240631103516
2806,112.2,12,80.78461456298828,13.747501373290971,0.0,0.3238079907774084,5,False,0.49022939801216125,0.8843600153923035
2807,112.24,12,86.76332092285156,24.92368698120112,0.0,0.39499174791045655,5,False,0.4777298867702484,0.7812753319740295
2808,112.28,12,82.562255859375,18.07826995849583,0.0,0.2202858287500281,5,False,0.4870908260345459,0.872054398059845
2809,112.32,12,81.9085693359375,8.8888359069824,0.0,0.05355420085168516,5,False,0.4782382845878601,0.9097275137901306
2810,112.36,12,81.06330871582031,-10.743408203125044,0.0,0.07869006905739007,5,False,0.4638281762599945,0.9667280316352844
2811,112.4,12,84.29878234863281,-16.070060729980632,0.0,0.20182000552455392,5,False,0.4975394308567047,0.92960524559021
2812,112.44,12,82.23480987548828,4.338302612304702,0.0,0.0529576142369349,5,False,0.4599921405315399,0.9616767764091492
2813,112.48,12,84.77943420410156,17.283077239990195,0.0,0.4649798184303069,5,False,0.49838805198669434,0.947519838809967
2814,112.52,12,85.21717071533203,21.97093963623042,0.0,0.6052894329474916,5,False,0.49854934215545654,0.9145475029945374
2815,112.56,12,85.82759857177734,15.099983215332026,0.0,0.4849675666013852,5,False,0.5412386655807495,0.907772421836853
2816,112.6,12,85.2229232788086,17.56097793579103,0.0,0.6256638648877035,5,False,0.5213161706924438,0.9041350483894348
2817,112.64,12,84.63154602050781,-0.7250595092775457,0.0,0.009623283512776193,5,False,0.5592573285102844,0.8883514404296875
2818,112.68,12,86.26173400878906,2.232685089111164,0.0,0.05062247014998411,5,False,0.5217694640159607,0.8549857139587402
2819,112.72,12,87.07514953613281,8.834781646728375,0.0,0.35296337759258944,5,False,0.5500670075416565,0.8690799474716187
2820,112.76,12,88.692626953125,23.457527160644425,3.780987925356768,0.8596627164484207,5,False,0.4935181438922882,0.7849787473678589
2821,112.8,12,89.99502563476562,32.894630432128665,2.7358576294222834,0.9923199006809712,5,False,0.5363985300064087,0.8336195945739746
2822,112.84,12,91.67601776123047,34.37110900878899,2.6672406100655093,0.9890590586809306,5,True,0.5279661417007446,0.7369482517242432
2823,112.88,12,95.10014343261719,47.58344650268542,1.9985972102136427,0.9585058550161878,5,True,0.5610589385032654,0.7966911792755127
2824,112.92,12,92.82322692871094,33.41579437255852,0.0,0.7214049321549143,5,False,0.5163469314575195,0.8649085164070129
2825,112.96,12,89.8548583984375,2.1671867370604883,0.0,0.003964618880786808,5,False,0.5437238812446594,0.8482783436775208
2826,113.0,12,93.48626708984375,-4.06196594238299,0.0,0.017059486683745795,5,False,0.5565956234931946,0.8889672160148621
2827,113.04,12,93.7168960571289,-5.258636474609607,0.0,0.02933236451085708,5,False,0.5921744704246521,0.9245162010192871
2828,113.08,12,94.86591339111328,19.868526458740067,0.0,0.44660949970264396,5,False,0.5862361192703247,0.9310985803604126
2829,113.12,12,95.64027404785156,32.376194000244126,2.9540307933394025,0.8479030809049843,5,False,0.5388584733009338,0.9349203109741211
2830,113.16,12,96.8095474243164,21.42484664916982,4.518564310380613,0.9671499248223296,5,False,0.5414148569107056,0.9661381840705872
2831,113.2,12,95.38321685791016,13.190689086914062,0.0,0.5464346392434285,5,False,0.5545845627784729,0.9575676321983337
2832,113.24,12,95.30502319335938,1.5529060363768716,0.0,0.018051011051869237,5,False,0.5541542768478394,0.9738983511924744
2833,113.28,12,98.86785888671875,12.37661361694326,0.0,0.2702772496544017,5,False,0.5025128126144409,0.9472145438194275
2834,113.32,12,100.28449249267578,26.086330413818157,0.0,0.5654489025187263,5,False,0.5579615831375122,0.9441076517105103
2835,113.36,12,98.9844970703125,30.45507431030272,0.0,0.7143052658164485,5,False,0.5138701796531677,0.9631319046020508
2836,113.4,12,99.74942016601562,22.51358032226542,0.0,0.5325634185857635,5,False,0.5773112177848816,0.9438323974609375
2837,113.44,12,98.76305389404297,-1.8617057800294243,0.0,0.03184619754156881,5,False,0.5884866118431091,0.8974774479866028
2838,113.48,12,101.96051025390625,7.826480865478364,0.0,0.1499643297912855,5,False,0.5880340933799744,0.9325196146965027
2839,113.52,12,100.40147399902344,12.612609863281193,0.0,0.38419543786227317,5,False,0.5285772681236267,0.8851854801177979
2840,113.56,12,102.8566665649414,19.63228225708004,0.0,0.5619540925246904,5,False,0.55869460105896,0.9239085912704468
2841,113.6,12,101.71331787109375,16.991710662841722,0.0,0.4553842126136888,5,False,0.5184500813484192,0.9031361937522888
2842,113.64,12,105.11246490478516,19.039382934570366,0.0,0.47445823269561793,5,False,0.5478230118751526,0.8959866762161255
2843,113.68,12,104.45869445800781,25.92559814453135,0.0,0.718052000776817,5,False,0.5520786643028259,0.9129148721694946
2844,113.72,12,105.27803039550781,18.97026062011705,0.0,0.6029251808566019,5,False,0.5537183880805969,0.935689389705658
2845,113.76,12,104.80879974365234,15.891323089599583,0.0,0.4704701662948719,5,False,0.534929633140564,0.8643919229507446
2846,113.8,12,106.10733032226562,5.849590301513683,0.0,0.35817025546941283,5,False,0.5672327280044556,0.9090439081192017
2847,113.84,12,106.67819213867188,13.170738220214742,8.099636508980174,0.8253953050636299,5,False,0.5635136961936951,0.929898738861084
2848,113.88,12,105.81877136230469,7.377185821533212,0.0,0.4142805381682686,5,False,0.5593786835670471,0.9033135771751404
2849,113.92,12,106.46798706054688,7.574539184570155,0.0,0.4290721448515492,5,False,0.5666055083274841,0.935452401638031
2850,113.96,12,109.19671630859375,14.921417236327947,0.0,0.488167803051364,5,False,0.5710550546646118,0.9253029823303223
2851,114.0,12,108.48681640625,17.487983703613178,0.0,0.5913617424316099,5,False,0.5406795144081116,0.9383174777030945
2852,114.04,12,109.58218383789062,23.864135742187205,4.591919230670918,0.8108744157581398,5,False,0.5518425703048706,0.9776513576507568
2853,114.08,12,111.1839599609375,24.543533325195092,4.530071464763467,0.8153830943215801,5,False,0.509680986404419,0.9543057680130005
2854,114.12,12,113.17711639404297,26.64485931396483,4.247615461595841,0.8069833099486371,5,False,0.5195422768592834,0.9515151977539062
2855,114.16,12,113.27342224121094,32.920360565185334,3.4408317617578694,0.9543499457708172,5,False,0.4939878582954407,0.9535496234893799
2856,114.2,12,117.2928695678711,43.77708435058555,2.6793211861379302,0.9162352325700613,5,False,0.5161277055740356,0.9266312122344971
2857,114.24,12,122.37061309814453,66.22264862060538,1.8478664874794593,0.8837915995235444,5,True,0.5228900909423828,0.9396811723709106
2858,114.28,12,122.8262939453125,70.98886489868141,1.7302191564918787,0.9134391699297512,5,True,0.5131001472473145,0.9577016830444336
2859,114.32,12,118.649169921875,40.71229934692353,0.0,0.42937711211132845,5,False,0.5344117879867554,0.9143224954605103
2860,114.36,12,117.70297241210938,-7.25309371948242,0.0,0.03031126286835284,5,False,0.5525606870651245,0.9487355351448059
2861,114.4,12,116.90800476074219,-40.12134552001977,0.0,0.864480057376381,5,False,0.5620022416114807,0.9299355745315552
2862,114.44,12,122.3758544921875,-6.6051101684574185,0.0,0.023407476831843188,5,False,0.5872875452041626,0.92580646276474
2863,114.48,12,124.45964813232422,40.734596252441314,0.0,0.6292281954104654,5,False,0.601603627204895,0.9473484754562378
2864,114.52,12,126.20398712158203,61.38418197631855,2.0559691936641,0.8977690705090241,5,False,0.5590115785598755,0.9282261729240417
2865,114.56,12,127.92102813720703,64.63544845581043,1.9791156585640972,0.9223798919928446,5,False,0.5586480498313904,0.9708666205406189
2866,114.6,12,128.6679229736328,40.11379241943361,3.207573136647586,0.9778415987514554,5,True,0.5942200422286987,0.9560632109642029
2867,114.64,12,128.09071350097656,24.315166473388974,0.0,0.796040007918198,5,False,0.6352204084396362,0.9485988616943359
2868,114.68,12,127.72859191894531,8.047237396240297,0.0,0.3070248946388542,5,False,0.6112919449806213,0.9344774484634399
2869,114.72,12,126.94754028320312,-7.215766906738397,0.0,0.5343931829210968,5,False,0.6087063550949097,0.9443181753158569
2870,114.76,12,127.95707702636719,-6.412162780762126,0.0,0.42074178983743526,5,False,0.6141447424888611,0.9441003799438477
2871,114.8,12,127.3260498046875,-3.252105712890863,0.0,0.19118798615000987,5,False,0.6107751727104187,0.9415507316589355
2872,114.84,12,127.69821166992188,0.7943725585934472,0.0,0.016001400191492432,5,False,0.6073474287986755,0.9362860321998596
2873,114.88,12,128.2455596923828,5.8429336547851545,0.0,0.520939348142745,5,False,0.6160604953765869,0.9317264556884766
2874,114.92,12,130.5310516357422,15.168647766113356,0.0,0.5756179551230355,5,False,0.6244961619377136,0.9166626930236816
2875,114.96,12,130.46530151367188,22.778358459472564,5.727598928860338,0.8785315909498805,5,False,0.629095196723938,0.9624097943305969
2876,115.0,12,133.7200927734375,35.6587600708006,3.7499927789955616,0.8991471434692749,5,False,0.6357424259185791,0.932003915309906
2877,115.04,12,131.83885192871094,25.93906402587879,0.0,0.6650456061496551,5,False,0.6331039071083069,0.9603275060653687
2878,115.08,12,134.26211547851562,22.089195251464485,0.0,0.6254878827440467,5,False,0.6548728942871094,0.9412956237792969
2879,115.12,12,134.87820434570312,23.41957092285164,0.0,0.6545714762471169,5,False,0.6501601934432983,0.9835246205329895
2880,115.16,12,135.77264404296875,17.861137390136797,0.0,0.5876100177359205,5,False,0.6762251853942871,0.9863632917404175
2881,115.2,12,134.78302001953125,18.49716186523398,0.0,0.6224530607685181,5,False,0.6649675965309143,0.9839289784431458
2882,115.24,12,137.04542541503906,13.678588867187479,0.0,0.6262062184808748,5,False,0.6555964350700378,0.9803822040557861
2883,115.28,12,136.7083740234375,12.332801818847354,0.0,0.5720809058543974,5,False,0.6529572010040283,0.9595027565956116
2884,115.32,12,138.0260467529297,16.080398559570465,0.0,0.6736703392871666,5,False,0.6698172688484192,0.9732522368431091
2885,115.36,12,138.77981567382812,22.435531616210756,6.185715500209186,0.8754785914319703,5,False,0.6680500507354736,0.9510973691940308
2886,115.4,12,139.89810180664062,19.441986083984492,7.195669269709175,0.8960868163854664,5,False,0.7040730118751526,0.9378967881202698
2887,115.44,12,141.775390625,30.01522064208989,4.723449889493416,0.9771993145338559,5,False,0.7058805823326111,0.9864750504493713
2888,115.48,12,141.52166748046875,24.967041015624652,5.668339607881563,0.9181127857935534,5,False,0.7146120667457581,0.975986897945404
2889,115.52,12,142.2817840576172,21.568756103515557,6.596661549454224,0.8706466273046642,5,False,0.7336301803588867,0.9712687134742737
2890,115.56,12,141.74139404296875,10.48244476318358,0.0,0.5334096197249538,5,False,0.7260856032371521,0.9871256947517395
2891,115.6,12,144.31280517578125,13.236389160156122,0.0,0.5348420186722613,5,False,0.7355366349220276,0.9413282871246338
2892,115.64,12,145.7021484375,25.97995758056633,5.60825197599587,0.8151805195228549,5,False,0.7264076471328735,0.9831455945968628
2893,115.68,12,147.9598388671875,38.29216003417947,3.863972122103297,0.9047445540565482,5,False,0.716812252998352,0.9677857160568237
2894,115.72,12,145.65390014648438,28.68011474609367,0.0,0.6344197193270225,5,False,0.7525336742401123,0.9583205580711365
2895,115.76,12,146.36431884765625,10.13694763183583,0.0,0.23391191535735578,5,False,0.7575908899307251,0.9878469109535217
2896,115.8,12,146.0414276123047,-2.2924041748047514,0.0,0.02341390190883641,5,False,0.7462494969367981,0.9940550923347473
2897,115.84,12,146.7395782470703,-5.132484436035107,0.0,0.1351027479524045,5,False,0.7415236234664917,0.9776709675788879
2898,115.88,12,147.19293212890625,8.633308410644407,17.049423596106593,0.8336236247764826,5,False,0.7458940744400024,0.9903231263160706
2899,115.92,12,150.49948120117188,23.55457305908178,0.0,0.6829102682984949,5,False,0.7357506155967712,0.95109623670578
2900,115.96,12,148.9094696044922,23.73996734619155,0.0,0.6896970030639118,5,False,0.7399880290031433,0.9378721117973328
2901,116.0,12,152.97491455078125,35.4680252075192,0.0,0.7716189307087786,5,False,0.7547966837882996,0.9587712287902832
2902,116.04,12,157.53648376464844,57.90634155273427,2.720539401046132,0.8273327535059114,5,False,0.7225303053855896,0.956389307975769
2903,116.08,12,157.51406860351562,56.64047241210941,2.7809455305644666,0.8179228458886441,5,False,0.7322523593902588,0.953757643699646
2904,116.12,12,158.80247497558594,60.812911987304204,2.611328248986643,0.866346492192436,5,True,0.735579252243042,0.9525185823440552
2905,116.16,12,154.27122497558594,9.646530151367108,0.0,0.06100696837922248,5,False,0.7388837933540344,0.9553755521774292
2906,116.2,12,160.42459106445312,6.333427429198806,0.0,0.03137423283177798,5,False,0.727528989315033,0.9550741314888
2907,116.24,12,160.32254028320312,18.097648620605575,0.0,0.2039041455983186,5,False,0.7308325171470642,0.962661623954773
2908,116.28,12,157.21958923339844,7.213859558105524,0.0,0.031764117312557016,5,False,0.7356506586074829,0.9585162401199341
2909,116.32,12,155.7696533203125,-0.5203628540039988,0.0,0.00014457778304122204,5,False,0.7336940765380859,0.9643804430961609
2910,116.36,12,159.78506469726562,-14.579849243164118,0.0,0.19365800199299565,5,False,0.7233947515487671,0.9529245495796204
2911,116.4,12,160.44793701171875,7.040672302246188,0.0,0.04495367060407829,5,False,0.7231244444847107,0.9612290859222412
2912,116.44,12,160.3068389892578,27.131958007812514,0.0,0.6694888647015653,5,False,0.7145821452140808,0.9878389239311218
2913,116.48,12,161.2721710205078,28.81702423095694,0.0,0.7110689317147159,5,False,0.7211700677871704,0.9639008641242981
2914,116.52,12,160.8267059326172,7.268791198730276,0.0,0.676135004446958,5,False,0.7273849248886108,0.9821730852127075
2915,116.56,12,162.54331970214844,11.776580810546548,0.0,0.6849476664017337,5,False,0.7212144732475281,0.9784117341041565
2916,116.6,12,163.2546844482422,17.91709899902337,9.111669498345737,0.8564519055187363,5,False,0.7194724678993225,0.9816775918006897
2917,116.64,12,164.54129028320312,22.415542602538842,7.340499991491027,0.8888116638209098,5,False,0.7063748240470886,0.9732766151428223
2918,116.68,12,161.17449951171875,6.7338943481442275,0.0,0.07809688244858282,5,False,0.7272997498512268,0.9583687782287598
2919,116.72,12,160.66165161132812,-14.608802795410494,0.0,0.34653721413708327,5,False,0.7258973121643066,0.970558762550354
2920,116.76,12,161.74081420898438,-17.268447875976367,0.0,0.46798376684097887,5,False,0.7162861824035645,0.9768607020378113
2921,116.8,12,163.71414184570312,-2.7199554443363385,0.0,0.010508086859176924,5,False,0.7214075922966003,0.9618649482727051
2922,116.84,12,163.66513061523438,20.08438110351538,0.0,0.7999780320381368,5,False,0.7326354384422302,0.9706231355667114
2923,116.88,12,162.36831665039062,13.344116210937184,0.0,0.42018827054196595,5,False,0.7253718972206116,0.950946033000946
2924,116.92,12,166.56312561035156,20.746994018554535,0.0,0.5001285349165793,5,False,0.6972345113754272,0.9453532099723816
2925,116.96,12,165.29754638671875,15.162010192870897,0.0,0.34725469710960843,5,False,0.7056778073310852,0.959672212600708
2926,117.0,12,165.51014709472656,16.548156738281197,0.0,0.3986589777598082,5,False,0.7100024819374084,0.973678708076477
2927,117.04,12,166.6279296875,18.665618896484247,0.0,0.46476180728091665,5,False,0.6940959095954895,0.9804826974868774
2928,117.08,12,168.12344360351562,11.127548217773201,0.0,0.3920695781895438,5,False,0.6849486827850342,0.9834235310554504
2929,117.12,12,168.4393768310547,22.242393493652166,7.572897983264534,0.9434823318493699,5,False,0.6835685968399048,0.9869097471237183
2930,117.16,12,170.2677459716797,28.316612243652322,6.01299846558616,0.9704331492660743,5,False,0.6594454646110535,0.979263961315155
2931,117.2,12,172.95904541015625,37.01633453369124,4.672506005496944,0.9294001745436858,5,False,0.6489847898483276,0.9541318416595459
2932,117.24,12,171.6497039794922,28.930473327636875,0.0,0.7835056894172855,5,False,0.6677907109260559,0.9739333987236023
2933,117.28,12,169.2089385986328,7.302703857421551,0.0,0.06398474397221932,5,False,0.6422803401947021,0.9692956805229187
2934,117.32,12,169.78392028808594,-11.79439544677762,0.0,0.24121211275335686,5,False,0.6541829705238342,0.9463541507720947
2935,117.36,12,173.86721801757812,-0.12359619140647082,0.0,1.53252091087408e-05,5,False,0.6476856470108032,0.9498918056488037
2936,117.4,12,171.59408569335938,11.367607116698844,0.0,0.15384730279150605,5,False,0.660829484462738,0.9689435958862305
2937,117.44,12,173.3768768310547,25.36510467529275,0.0,0.5947933806323753,5,False,0.6360514163970947,0.964885950088501
2938,117.48,12,174.62965393066406,23.002815246581676,0.0,0.5548478647542553,5,False,0.6360356211662292,0.9147000312805176
2939,117.52,12,175.09666442871094,13.736152648925387,0.0,0.4089920855013992,5,False,0.6286508440971375,0.9892956614494324
2940,117.56,12,174.95822143554688,21.12014770507809,8.283948762038262,0.8231518855690226,5,False,0.6366556882858276,0.9935169816017151
2941,117.6,12,174.461181640625,6.242942810058137,0.0,0.33787969327476963,5,False,0.6264578104019165,0.9615100622177124
2942,117.64,12,175.40866088867188,2.3063278198239803,0.0,0.15040191762547594,5,False,0.6535016894340515,0.9583183526992798
2943,117.68,12,175.8738555908203,5.012054443359291,0.0,0.36390489434246276,5,False,0.6381133198738098,0.9771584868431091
2944,117.72,12,176.8924102783203,13.202629089355359,13.39827159281026,0.8065667331652004,5,False,0.6498231887817383,0.9839565753936768
2945,117.76,12,177.12364196777344,17.02167510986307,10.405770338381126,0.9696336459474199,5,False,0.6506732106208801,0.9864711165428162
2946,117.8,12,175.83746337890625,5.268478393554406,0.0,0.2025248298415513,5,False,0.6428578495979309,0.9855672717094421
2947,117.84,12,177.0548858642578,3.2677841186521945,0.0,0.10256048234160653,5,False,0.6392115950584412,0.9890317916870117
2948,117.88,12,176.2118682861328,-3.5746002197268143,0.0,0.15776953906514157,5,False,0.63499915599823,0.9896553754806519
2949,117.92,12,180.07785034179688,15.707054138183738,0.0,0.35488076094799037,5,False,0.6561880707740784,0.9587581157684326
2950,117.96,12,177.59056091308594,16.32289886474583,0.0,0.38167605328396914,5,False,0.6397508978843689,0.9465301036834717
2951,118.0,12,179.210693359375,14.225769042968375,0.0,0.32259332762557635,5,False,0.6501765847206116,0.9766631126403809
2952,118.04,12,179.02960205078125,11.920776367187365,0.0,0.24424497215050578,5,False,0.6393120884895325,0.9496393203735352
2953,118.08,12,177.86624145507812,-7.4604415893556455,0.0,0.21310657710946979,5,False,0.6544049382209778,0.9862926006317139
2954,118.12,12,178.76669311523438,2.519531249999808,0.0,0.04871032038176559,5,False,0.6381479501724243,0.9769631624221802
2955,118.16,12,179.58192443847656,1.1988830566403152,0.0,0.013817291097144468,5,False,0.6401220560073853,0.9876725673675537
2956,118.2,12,179.8769989013672,8.526191711425776,0.0,0.4756168955764498,5,False,0.6378526091575623,0.9720706939697266
2957,118.24,12,182.8179931640625,27.534523010253725,6.639591798847649,0.8684863508657451,5,False,0.6621490716934204,0.9648886919021606
2958,118.28,12,182.5526885986328,27.02014923095683,6.756168777538921,0.8600915939259445,5,False,0.6361725926399231,0.9407466650009155
2959,118.32,12,181.66357421875,17.097473144531182,0.0,0.5207032169619947,5,False,0.6564328670501709,0.958850622177124
2960,118.36,12,181.7868194580078,6.663055419921925,0.0,0.1339927787562083,5,False,0.6344285011291504,0.9638919234275818
2961,118.4,12,180.8891143798828,-11.559066772461044,0.0,0.9095151977648346,5,False,0.633929431438446,0.9683170914649963
2962,118.44,12,180.46168518066406,-12.391166687012158,0.0,0.9221045458324026,5,False,0.6659886240959167,0.9348102807998657
2963,118.48,12,182.5435028076172,1.086807250976658,0.0,0.007146641251824182,5,False,0.6534935235977173,0.967400074005127
2964,118.52,12,182.34986877441406,6.951217651366952,0.0,0.23510749534115283,5,False,0.6726073622703552,0.9544765949249268
2965,118.56,12,185.70851135253906,28.81744384765607,0.0,0.781193483104006,5,False,0.645259439945221,0.8767725229263306
2966,118.6,12,182.1092071533203,16.150131225585756,0.0,0.2870980391114517,5,False,0.6541558504104614,0.94218909740448
2967,118.64,12,181.4352569580078,-6.142883300781226,0.0,0.0545733391781682,5,False,0.6575379967689514,0.9729048609733582
2968,118.68,12,183.8145751953125,-3.359603881836353,0.0,0.015528937284623678,5,False,0.6816903948783875,0.9688336849212646
2969,118.72,12,183.33676147460938,-7.595329284668192,0.0,0.08421380057088157,5,False,0.6460855007171631,0.9562153816223145
2970,118.76,12,185.16236877441406,20.019569396972194,0.0,0.7502298307047915,5,False,0.6254529356956482,0.9337639808654785
2971,118.8,12,183.60789489746094,14.232673645019714,0.0,0.45268196980168296,5,False,0.6446114182472229,0.9572727680206299
2972,118.84,12,184.00880432128906,1.6489791870115222,0.0,0.02199251232718258,5,False,0.6486703753471375,0.9890862703323364
2973,118.88,12,182.2387237548828,-8.374099731445238,0.0,0.2490361319697535,5,False,0.6343293786048889,0.9618320465087891
2974,118.92,12,182.8462371826172,-15.00358581542996,0.0,0.7166587523129899,5,False,0.6220049262046814,0.9861614108085632
2975,118.96,12,180.9566650390625,-16.16256713867228,0.0,0.7199346525767842,5,False,0.6177315711975098,0.9882838129997253
2976,119.0,12,183.2050018310547,-7.224159240722698,0.0,0.15967680909697202,5,False,0.6506029963493347,0.9669045805931091
2977,119.04,12,183.78152465820312,8.610916137695037,0.0,0.2549366279562866,5,False,0.6520857810974121,0.9902020692825317
2978,119.08,12,183.73011779785156,11.481552124023233,0.0,0.39509002583179165,5,False,0.6434658765792847,0.9862993955612183
2979,119.12,12,184.69056701660156,19.982299804687226,9.242708237881553,0.8141468856640532,5,False,0.6529493927955627,0.9820055961608887
2980,119.16,12,185.02565002441406,11.375846862793024,16.264780306561384,0.9227263751086807,5,False,0.6448416709899902,0.9922934770584106
2981,119.2,12,184.70816040039062,7.872009277343842,0.0,0.7075723294184848,5,False,0.6654850244522095,0.9865432977676392
2982,119.24,12,187.31362915039062,17.96154022216791,0.0,0.7266935066436543,5,False,0.6434587240219116,0.9830040335655212
2983,119.28,12,186.94515991210938,16.992912292480128,0.0,0.6994962085210024,5,False,0.6631940007209778,0.9833902716636658
2984,119.32,12,191.01748657226562,35.551681518554105,0.0,0.7964179745853613,5,False,0.6547919511795044,0.9773662686347961
2985,119.36,12,186.10643005371094,16.25099182128905,0.0,0.19159368264588783,5,False,0.626423180103302,0.9630796909332275
2986,119.4,12,186.2527618408203,-7.401161193847779,0.0,0.054070007640090734,5,False,0.6595798134803772,0.9742867946624756
2987,119.44,12,181.50830078125,-39.0961074829102,0.0,0.5357397891055075,5,False,0.6725127696990967,0.9666519165039062
2988,119.48,12,183.1930694580078,-50.61740875244182,0.0,0.779859347556244,5,False,0.6722684502601624,0.9844886660575867
2989,119.52,12,184.48670959472656,-15.747833251953171,0.0,0.2459991734936341,5,False,0.6643936634063721,0.9620228409767151
2990,119.56,12,179.0213623046875,-28.71097564697318,0.0,0.42787205276201956,5,False,0.6594327688217163,0.9411627054214478
2991,119.6,12,181.6754150390625,-9.593696594238917,0.0,0.0875317121331638,5,False,0.6855244040489197,0.961554229259491
2992,119.64,12,183.0166015625,-7.910575866699253,0.0,0.05810974033716032,5,False,0.6756120920181274,0.9493929147720337
2993,119.68,12,181.7819366455078,-3.5357666015627838,0.0,0.012315126504671703,5,False,0.6974682807922363,0.9661155343055725
2994,119.72,12,184.07266235351562,25.522804260253796,0.0,0.7279751937452186,5,False,0.6902774572372437,0.970720112323761
2995,119.76,12,180.33860778808594,-4.043884277343557,0.0,0.03235889038852202,5,False,0.6948502659797668,0.9693349003791809
2996,119.8,12,184.09344482421875,1.775894165038898,0.0,0.004881382957646396,5,False,0.7045952677726746,0.9385223984718323
2997,119.84,12,182.27151489257812,2.4998474121091725,0.0,0.009753866251875687,5,False,0.6981469988822937,0.9628193974494934
2998,119.88,12,183.11891174316406,0.06351470947274271,0.0,6.633751855278369e-06,5,False,0.7056796550750732,0.988662600517273
2999,119.92,12,183.55767822265625,13.659019470214435,0.0,0.3467142034933969,5,False,0.6993777751922607,0.9888780117034912
3000,119.96,12,184.83673095703125,6.931838989257597,0.0,0.2040281691517395,5,False,0.672007143497467,0.9890851974487305
3001,120.0,12,178.49453735351562,-14.59033966064459,0.0,0.14777905111918088,5,False,0.6310124397277832,0.9271770119667053
3002,120.04,12,175.04644775390625,-53.02017211914079,0.0,0.6666052178296102,5,False,0.6174363493919373,0.9475749135017395
3003,120.08,12,176.44239807128906,-60.05210876464848,0.0,0.7694847847405049,5,False,0.6429420113563538,0.9426656365394592
3004,120.12,12,181.05709838867188,-24.028511047363953,0.0,0.1525097647129815,5,False,0.646819531917572,0.9543389081954956
3005,120.16,12,175.6728515625,0.9181976318357487,0.0,0.0005621704453989684,5,False,0.6587755084037781,0.967216968536377
3006,120.2,12,174.26480102539062,-5.83209991455087,0.0,0.019052776535173455,5,False,0.6742070913314819,0.9785427451133728
3007,120.24,12,177.80332946777344,-10.1760864257814,0.0,0.06217661976075628,5,False,0.6697275638580322,0.9602178931236267
3008,120.28,12,178.33419799804688,-8.288307189941236,0.0,0.04038154596189936,5,False,0.6755704879760742,0.9809930920600891
3009,120.32,12,173.22607421875,-2.0603942871095984,0.0,0.003498432912234506,5,False,0.6567800045013428,0.9640271663665771
3010,120.36,12,175.7216796875,-4.1587448120120465,0.0,0.014264753468549385,5,False,0.6821164488792419,0.9771547913551331
3011,120.4,12,173.5723114013672,-27.686386108398302,0.0,0.5573321451683401,5,False,0.6510962843894958,0.9357144832611084
3012,120.44,12,176.735595703125,-7.127418518066821,0.0,0.04395036501893723,5,False,0.6552399396896362,0.9681010246276855
3013,120.48,12,173.16915893554688,2.250213623047026,0.0,0.007540600454660762,5,False,0.6535137891769409,0.950724184513092
3014,120.52,12,179.4427032470703,17.597236633300703,0.0,0.19049596497417742,5,False,0.680138111114502,0.9501702189445496
3015,120.56,12,181.82931518554688,48.052787780761605,0.0,0.6624457634132788,5,False,0.6860896348953247,0.9600936770439148
3016,120.6,12,181.19639587402344,43.95439147949191,0.0,0.6088436802272563,5,False,0.6960022449493408,0.9683181643486023
3017,120.64,12,179.77444458007812,37.41065979003892,0.0,0.470541445447647,5,False,0.693078339099884,0.9853813648223877
3018,120.68,12,181.61550903320312,5.726852416992193,0.0,0.10997160746978485,5,False,0.6822797656059265,0.9461841583251953
3019,120.72,12,180.46795654296875,-5.759010314941625,0.0,0.18377591867719156,5,False,0.6858838796615601,0.9782924652099609
3020,120.76,12,183.43829345703125,12.94326782226542,0.0,0.34801182739157255,5,False,0.7006196975708008,0.9655022621154785
3021,120.8,12,182.8251953125,19.810714721679354,0.0,0.6615571610562769,5,False,0.6996302604675293,0.9725434184074402
3022,120.84,12,184.07962036132812,18.213653564453217,0.0,0.6324982475200172,5,False,0.6987457871437073,0.9657086133956909
3023,120.88,12,181.30429077148438,5.7849884033201295,0.0,0.059424767561332636,5,False,0.6587762832641602,0.9700181484222412
3024,120.92,12,183.76788330078125,-2.154312133789281,0.0,0.015409781834301861,5,False,0.6904265880584717,0.9801601767539978
3025,120.96,12,183.23057556152344,1.2475585937498583,0.0,0.005291906157468107,5,False,0.7056326270103455,0.9515551328659058
3026,121.0,12,180.04171752929688,-15.373802185058564,0.0,0.31232254542231086,5,False,0.6294529438018799,0.9067954421043396
3027,121.04,12,183.15634155273438,-0.05516052246084219,0.0,4.944814396501407e-06,5,False,0.6594935059547424,0.9407593607902527
3028,121.08,12,185.9285888671875,10.617942810058167,0.0,0.10167040730690191,5,False,0.7176615595817566,0.9245211482048035
3029,121.12,12,186.91400146484375,33.13430786132803,0.0,0.604136389311462,5,False,0.6910167336463928,0.9596197605133057
3030,121.16,12,185.23876953125,35.379409790039,0.0,0.6721050271258929,5,False,0.6475751996040344,0.9128627777099609
3031,121.2,12,186.1398162841797,13.192825317382505,0.0,0.3416765086900877,5,False,0.6657935380935669,0.9624226093292236
3032,121.24,12,184.20286560058594,-10.564079284667766,0.0,0.42794586469911045,5,False,0.6719310283660889,0.962159276008606
3033,121.28,12,184.83140563964844,-13.002738952636717,0.0,0.5879987947519788,5,False,0.7018753290176392,0.9618966579437256
3034,121.32,12,184.06837463378906,-9.123001098633104,0.0,0.46986594932252546,5,False,0.6746019124984741,0.976282000541687
3035,121.36,12,183.17874145507812,-15.14160156250024,0.0,0.7613878378999841,5,False,0.661823034286499,0.9781308174133301
3036,121.4,12,182.11306762695312,-14.580650329589977,0.0,0.76327476864138,5,False,0.6729203462600708,0.9792613387107849
3037,121.44,12,181.22618103027344,-22.91439056396491,0.0,0.9970937228304648,5,False,0.6459824442863464,0.9597811102867126
3038,121.48,12,181.4761199951172,-17.842674255371282,0.0,0.8931957621475484,5,False,0.6838398575782776,0.9453246593475342
3039,121.52,12,182.27992248535156,-6.086463928222992,0.0,0.25342944866757877,5,False,0.6600217223167419,0.9647738933563232
3040,121.56,12,181.6446075439453,0.29205322265609146,0.0,0.001765213591490844,5,False,0.6697198152542114,0.9932686686515808
3041,121.6,12,177.49658203125,-18.226776123047106,0.0,0.3678044709022007,5,False,0.6319856643676758,0.9568097591400146
3042,121.64,12,178.07447814941406,-28.966560363769773,0.0,0.6757224928154062,5,False,0.6177995204925537,0.9911766648292542
3043,121.68,12,180.50262451171875,-17.81181335449268,0.0,0.27998510238382235,5,False,0.6448279023170471,0.9743729829788208
3044,121.72,12,182.95326232910156,14.058380126952978,0.0,0.1466452564725499,5,False,0.6146722435951233,0.9538843631744385
3045,121.76,12,178.26467895507812,16.03744506835902,0.0,0.20080576821406126,5,False,0.5977829694747925,0.9554468393325806
3046,121.8,12,179.98953247070312,3.9804077148437345,0.0,0.016162664845697505,5,False,0.6466186046600342,0.9193665385246277
3047,121.84,12,176.21109008789062,-28.86699676513692,0.0,0.5233212087463657,5,False,0.592640221118927,0.9093866348266602
3048,121.88,12,184.65631103515625,3.3812713623049215,0.0,0.0038996127681891757,5,False,0.6201825141906738,0.8851370811462402
3049,121.92,12,182.55209350585938,33.104019165038814,0.0,0.3896323416188312,5,False,0.6038878560066223,0.9563129544258118
3050,121.96,12,182.14979553222656,26.6538238525389,0.0,0.27729445540705333,5,False,0.6013099551200867,0.9655444622039795
3051,122.0,12,181.50521850585938,20.204353332519407,0.0,0.16565597905568863,5,False,0.6031167507171631,0.9864004254341125
3052,122.04,12,179.07473754882812,-30.525054931640884,0.0,0.9211603909237915,5,False,0.5752359628677368,0.896149218082428
3053,122.08,12,176.9747314453125,-35.57445526123046,0.0,0.9043453368675668,5,False,0.6082966327667236,0.9579605460166931
3054,122.12,12,178.796142578125,-28.094482421874954,0.0,0.7057043255904922,5,False,0.6201942563056946,0.9884957671165466
3055,122.16,12,176.941162109375,-23.516769409179698,0.0,0.6284379872494671,5,False,0.6238018870353699,0.9770965576171875
3056,122.2,12,175.37466430664062,-18.5842895507816,0.0,0.5979163269655827,5,False,0.652334988117218,0.9859338998794556
3057,122.24,12,175.71026611328125,-14.876022338867363,0.0,0.48865379239001716,5,False,0.6476296186447144,0.9777239561080933
3058,122.28,12,175.6236572265625,-18.939666748047134,0.0,0.7064415632566196,5,False,0.6777458190917969,0.9689268469810486
3059,122.32,12,177.05438232421875,1.188583374023401,0.0,0.008987649053200708,5,False,0.6137850880622864,0.9722757339477539
3060,122.36,12,174.0698699951172,-3.163681030273578,0.0,0.03547335565963572,5,False,0.671294629573822,0.9608867168426514
3061,122.4,12,175.80459594726562,-3.4128189086915333,0.0,0.04143765912866859,5,False,0.6503900289535522,0.9748228788375854
3062,122.44,12,174.46649169921875,-8.910293579101598,0.0,0.22719053158839286,5,False,0.6728861331939697,0.9715551137924194
3063,122.48,12,174.4212646484375,-12.174034118652605,0.0,0.3812891683341296,5,False,0.6642297506332397,0.9701765179634094
3064,122.52,12,174.68896484375,-0.36285400390651296,0.0,0.0012044226620633314,5,False,0.6672060489654541,0.9654109477996826
3065,122.56,12,175.81532287597656,0.609817504882716,0.0,0.002944541411557422,5,False,0.6853468418121338,0.9721739292144775
3066,122.6,12,172.92977905273438,-4.198417663574468,0.0,0.06663614217158642,5,False,0.6924422383308411,0.9601107835769653
3067,122.64,12,171.369384765625,-19.657363891601943,0.0,0.519858712040052,5,False,0.685958206653595,0.9554643034934998
3068,122.68,12,170.5684051513672,-31.717643737792812,0.0,0.8328112422665684,5,False,0.6897804141044617,0.9780362844467163
3069,122.72,12,170.0941162109375,-34.50946807861354,0.0,0.8912295701086252,5,False,0.6895371079444885,0.9928383231163025
3070,122.76,12,170.3822479248047,-15.925827026367543,0.0,0.7766198080413413,5,False,0.6981483101844788,0.9948110580444336
3071,122.8,12,169.2963104248047,-10.830764770508043,0.0,0.8292660174416653,5,False,0.7092127799987793,0.9884224534034729
3072,122.84,12,172.19387817382812,6.1328506469721535,0.0,0.1336973580606199,5,False,0.7183840870857239,0.970205545425415
3073,122.88,12,171.26629638671875,10.38997650146472,0.0,0.3470767201175975,5,False,0.7191784381866455,0.9893206357955933
3074,122.92,12,172.19859313964844,14.00669097900394,0.0,0.5067557368249008,5,False,0.7261849045753479,0.9866174459457397
3075,122.96,12,173.7149658203125,22.105064392089634,0.0,0.743689868133234,5,False,0.6954622268676758,0.9891637563705444
3076,123.0,12,174.32127380371094,16.758651733398292,0.0,0.7231296908215598,5,False,0.7022156715393066,0.9644882082939148
3077,123.04,12,173.88963317871094,18.42338562011698,9.4385275738264,0.8147129872182977,5,False,0.6946009993553162,0.9484409689903259
3078,123.08,12,172.88308715820312,3.859138488769137,0.0,0.08221745852056539,5,False,0.7134248614311218,0.9564957022666931
3079,123.12,12,171.9005889892578,-12.66735076904297,0.0,0.6964771236097111,5,False,0.7237980365753174,0.985939085483551
3080,123.16,12,170.87628173828125,-22.197570800781286,0.0,0.9836476411351768,5,False,0.7140001058578491,0.9765002727508545
3081,123.2,12,167.8837127685547,-35.046615600585746,0.0,0.9248368891057701,5,False,0.726743757724762,0.9402822256088257
3082,123.24,12,168.1410369873047,-33.75244140624986,0.0,0.9086981409703334,5,False,0.7426327466964722,0.9365814328193665
3083,123.28,12,168.70252990722656,-22.82840728759761,0.0,0.653867173528603,5,False,0.7337287664413452,0.9667907357215881
3084,123.32,12,166.53436279296875,-19.66255187988293,0.0,0.6164951327375439,5,False,0.7411470413208008,0.965440034866333
3085,123.36,12,160.9915008544922,-38.47774505615228,0.0,0.5953199734548602,5,False,0.7406403422355652,0.9419848322868347
3086,123.4,12,161.15304565429688,-54.21752929687535,0.0,0.8288912714280865,5,False,0.750254213809967,0.9733107686042786
3087,123.44,12,161.313720703125,-50.397338867187706,0.0,0.7730525221760878,5,False,0.766558825969696,0.9743166565895081
3088,123.48,12,160.1766357421875,-30.98308563232447,0.0,0.5888200159306303,5,False,0.7686551809310913,0.9808124899864197
3089,123.52,12,156.90228271484375,-22.887115478515707,0.0,0.6159061375660225,5,False,0.7700652480125427,0.9329000115394592
3090,123.56,12,159.15834045410156,-21.002120971679595,0.0,0.5405954977655087,5,False,0.7615414261817932,0.9432975053787231
3091,123.6,12,158.8419647216797,-14.90451812744195,0.0,0.3290976844269118,5,False,0.7579116225242615,0.9707944989204407
3092,123.64,12,161.8530731201172,13.231391906738306,0.0,0.21175321875717157,5,False,0.758116602897644,0.9642487168312073
3093,123.68,12,162.25218200683594,33.48632812499961,4.8453261701662855,0.8991075216644655,5,False,0.7574864029884338,0.9716070294380188
3094,123.72,12,158.9964599609375,7.7161407470700905,0.0,0.08415498654895492,5,False,0.7622162699699402,0.9577168226242065
3095,123.76,12,155.61068725585938,-23.297920227050962,0.0,0.30025701948244377,5,False,0.7689389586448669,0.938457190990448
3096,123.8,12,161.22564697265625,-19.74086761474634,0.0,0.20591359862514047,5,False,0.7440426349639893,0.9470558762550354
3097,123.84,12,161.1404266357422,0.014190673828368007,0.0,1.1495551177631569e-07,5,False,0.7568966746330261,0.977156400680542
3098,123.88,12,160.1562042236328,19.623069763183416,0.0,0.2871970504548522,5,False,0.7447402477264404,0.9714511632919312
3099,123.92,12,156.71807861328125,2.8633499145503873,0.0,0.004759480617314238,5,False,0.7617847919464111,0.9442055225372314
3100,123.96,12,157.8829803466797,-27.76920318603495,0.0,0.7511789692067955,5,False,0.7502750158309937,0.971967339515686
3101,124.0,12,155.97796630859375,-31.495361328125192,0.0,0.8116865119751037,5,False,0.7389518022537231,0.9624535441398621
3102,124.04,12,154.02223205566406,-32.52014160156233,0.0,0.8166227735246664,5,False,0.7269949913024902,0.9783666133880615
3103,124.08,12,151.0778045654297,-37.85324096679662,0.0,0.8053436065393081,5,False,0.7538855671882629,0.9719847440719604
3104,124.12,12,151.41065979003906,-44.612007141113374,0.0,0.9309208448633668,5,False,0.7813231945037842,0.9727819561958313
3105,124.16,12,150.93626403808594,-31.73744201660182,0.0,0.809987085731259,5,False,0.7820516228675842,0.970114529132843
3106,124.2,12,148.86964416503906,-26.11679077148454,0.0,0.8081375065722102,5,False,0.7687823176383972,0.9793182611465454
3107,124.24,12,147.69032287597656,-23.28994750976605,0.0,0.8156348692942617,5,False,0.7778946161270142,0.9908165335655212
3108,124.28,12,148.70098876953125,-21.663208007812738,0.0,0.7492345270279347,5,False,0.7595674991607666,0.9490631222724915
3109,124.32,12,145.66677856445312,-26.7690658569336,0.0,0.7791995103903738,5,False,0.770324170589447,0.9729652404785156
3110,124.36,12,148.62046813964844,-6.304740905761697,0.0,0.08917944344230933,5,False,0.7758089900016785,0.9610090255737305
3111,124.4,12,147.22657775878906,-2.520027160644908,0.0,0.016557585521984386,5,False,0.7528039216995239,0.9789353013038635
3112,124.44,12,147.62158203125,-1.4975357055663343,0.0,0.005857840494473354,5,False,0.7498243451118469,0.9364749789237976
3113,124.48,12,147.10659790039062,4.701881408691236,0.0,0.07784489591837362,5,False,0.7435542345046997,0.9629374146461487
3114,124.52,12,147.4781494140625,-6.011543273925934,0.0,0.401822810607561,5,False,0.7563774585723877,0.9727448225021362
3115,124.56,12,147.6554718017578,1.7858886718749207,0.0,0.21708616804207992,5,False,0.7576881051063538,0.9846475124359131
3116,124.6,12,143.6840057373047,-18.315696716308583,0.0,0.4615608710956679,5,False,0.733406126499176,0.9324217438697815
3117,124.64,12,144.46163940429688,-22.710151672363416,0.0,0.5957843377799563,5,False,0.7395918369293213,0.9617409110069275
3118,124.68,12,147.12213134765625,-9.764671325683972,0.0,0.10988960413635307,5,False,0.7442491054534912,0.9592913389205933
3119,124.72,12,145.65725708007812,-1.3957595825197209,0.0,0.002723576223892965,5,False,0.7452899217605591,0.9797354936599731
3120,124.76,12,147.94129943847656,24.27551269531243,0.0,0.747212860559668,5,False,0.7275575399398804,0.9401537179946899
3121,124.8,12,145.8546600341797,9.013023376464583,0.0,0.17761281638862592,5,False,0.7166289687156677,0.9592252373695374
3122,124.84,12,140.7325439453125,-31.45442962646499,0.0,0.5031334222180104,5,False,0.7245338559150696,0.919314980506897
3123,124.88,12,146.3027801513672,-14.794273376465325,0.0,0.11960571093902317,5,False,0.7608801126480103,0.9401468634605408
3124,124.92,12,146.1627960205078,-7.772216796875292,0.0,0.032382484507262554,5,False,0.7541749477386475,0.9768221974372864
3125,124.96,12,143.85618591308594,3.5832595825193465,0.0,0.009161114258869896,5,False,0.7494928240776062,0.9658098816871643
3126,125.0,12,136.8770294189453,-25.394058227539258,0.0,0.16109270528104092,5,False,0.7334474921226501,0.9125896692276001
3127,125.04,12,139.9714813232422,-54.87091064453143,0.0,0.7122210783381864,5,False,0.7312420010566711,0.9392766952514648
3128,125.08,12,139.42715454101562,-43.389968872070234,0.0,0.5476156081727263,5,False,0.7125393748283386,0.9346604943275452
3129,125.12,12,136.842529296875,-28.692970275879194,0.0,0.39807360374592216,5,False,0.7037886381149292,0.9435797333717346
3130,125.16,12,137.10191345214844,-6.69795989990223,0.0,0.07700770399422607,5,False,0.7261518239974976,0.9604945182800293
3131,125.2,12,140.25267028808594,-4.40715789794959,0.0,0.029433175492028174,5,False,0.7307965755462646,0.9375501275062561
3132,125.24,12,138.77972412109375,5.288200378417961,0.0,0.051372571118628696,5,False,0.7354331016540527,0.9497555494308472
3133,125.28,12,135.48536682128906,-2.5912857055664715,0.0,0.007853977218139074,5,False,0.7218366861343384,0.9188860058784485
3134,125.32,12,132.20028686523438,-36.42639160156259,0.0,0.5470193806906831,5,False,0.7157729864120483,0.9571911692619324
3135,125.36,12,130.33303833007812,-66.04675292968795,0.0,0.984550747148984,5,False,0.6948809027671814,0.949451744556427
3136,125.4,12,131.1604461669922,-50.97721099853527,0.0,0.8491109866271103,5,False,0.6733185052871704,0.9735674262046814
3137,125.44,12,129.8560791015625,-30.746040344238192,0.0,0.7531768043491267,5,False,0.6754664778709412,0.9610435962677002
